CD-RE,Polarity
time raya juak sik merentas grinning face bazaar bukak hear no evil monkey kali rah bazaar sikda covid kkya time raya covid auto ada,1
guna saluran betul tak sah isu sekurang kurangnya ada penyelesaian gu,-1
kata melayu isle konservatif takleh kawal emosi amp nafsu natang liar dayus uta,-1
tak ajak rakyat sertai berbuka kerajaan kerajaan pn prihatin jadi tak salah ajakan rakyat menjadi,-1
,0
errr no musuh,-1
bulan ramadhan setan digari byk setan diam amp kerosakan berlaku byk,-1
isu lepatu lepastu fazura,0
,0
tuu rakyat malaysia kena bersatu tak payah peduli vvip menteri selebriti sesiapa peeg betul,0
menteri cetuskan gelombang covid masa patut masuk penjara giler lucutkan jawatan bayar pampasan,-1
,0
fvck malaysia hati rosak,-1
tahu menang ikut kerajaan duduk dirumah s,0
media tak berfungsi,-1
tiga perkara perlu tweet fazura tidur,0
dimana tuju hala malaysia,0
kerajaan sialan ya,-1
tinggal malaysia keputusan pemerintah lucu lucu,-1
sedar ada beria saman last2 jadi kambing hitam abis rakyat kutuk mcm2,-1
tahu kau inisiatif cerita hari teruk,-1
adakah orang malaysia bersiap sedia membiarkan berlaku,0
elaun khas rm200 sebulan anggota tentera polis kastam imigresen angkatan anggota pertahanan awam anggota tentera,1
Malaysia sayang memperbaiki tidak memerlukan mendengar dikatakan orang orang bertindak sesuai,1
kerajaan negeri power thumbs up thumbs up thumbs up,1
1 rule living in malaysia dilarang jadi miskin,-1
telur easter avengers,0
membuatnya,0
,0
cobain jadi orang susah biar tahu gimana rasanya dihina orang berduit,-1
raya 2020 2021 bermaksud kunjung mengunjungi untuk rapatkan siratulrahim kunjung meng,1
disebabkan malas,0
malaysia tenat,-1
malaysia nak ya tolong allah kemain pergi baazar tar,0
,0
kerajaan baik tambah aplikasi mysejahtera orang ramai mendaftarkan program vaksinasi bapa ibu datuk,1
Bantuan khas 50 000 ada kesan sampingan penerima vaksin rm500 000 hilang u,1
pelan halatuju strategik e dagang 2 0 nesr 2 0 manjadi pemangkin pertumbuhan sistem ekoe dagang malaysia adal,1
,0
malaysia berjaya memperoleh 10 000 tambahan kuota haji menjadikan kuota rasmi haji malaysia 41 orang berjumlah 41 600 orang,1
ya tuan ingat kerajaan 8374 tak fungsi tahu puncanya,0
peka b40 bertujuan keperluan untuk kesihatan menampung golongan rendah berpendapatan memberi fokus,1
inisiatif kerajaan mysalam menyediakan perlindungan kesihatan takaful individu b40 pener,1
i sinar dibuka ahli kwsp terjejas pendapatan akibat covid 19,1
belanjawan 2021 tambahan kadar berkanun karuman syer pekerja untuk kwsp baru 9 menjadi,1
bantuan 180 bentuk kredit telekomunikasi untuk perbelanjaan langganan internet menampung seba,1
bertujuan program meningkatkan kadar peningkatan digital kalangan rakyat b40 belia warga emas,1
4000 warga atm terima bantuan musaadah terima rm800 000,1
2 195 laman sesawang judi talian disekat skmm,0
bulan ramadhan semoga allah makbulkan doa2 rakyat teraniya al,1
institut keselamatan kesihatan pekerjaan negara niosh platform asas latihan keselamatan jalan ra,1
pakej bantuan khas permai 2021 bantuan bantuan 500 pemandu pelancong pemandu pemandu bas,1
ptptmereka n terjejas memohon moratorium bayaran balik pinjaman tiga bulan 31 mac,1
pakej bantuan khas permai 2021 pelepasan cukai khas rm2 500 untuk pembelian telefon bimbit komputer bimbit,1
pakej bantuan khas permai 2021 program subsidi upah untuk tempoh satu bulan majikan layak,1
pakej bantuan khas permai 2021 rm50 juta disalur nadma perbelanjaan operasi bencana semasa mon,1
merangkumi bantuan prihatin nasional bpn 2 0 rm7 bilion program subsidi upah 2 0 rm2 untuk,1
pelaksanaan tempoh pkp bantuan moratorium bayaran balik pinjaman disediakan malam,1
Saya mahu mengatakan,0
geran khas rm3 000 bawah pakej rangsangan ekonomi prihatin pks seti,1
insentif cukai untuk pembelian kereta 897 juta,1
pakej pelan jana ekonomi penjana negara awal jun mengumumkan pengecualian cukai jualan sepenuh,1
24 geran secara bawah satu off 5 000 pengendali taska berdaftar pembangunan kementerian,0
25 subsidi pengangkutan awam my30 rm200 juta,1
memalukan ada profesor kangkung kaki fitnah kaki perkauman,-1
,0
sakit hati everytime scrolling timeline twitter this week there sooo many sick news amp issues betul2,-1
biarkan hashtag menjadi tren untuk 24 kedua 7 7 hari seminggu marilah memilih memimpin st,0
,0
,0
pilihan raya datang kena fikir 100x nak pangkah senyum muka cukup zalim kena lega muka,-1
nak cakap dato seri hari2 doa2 pemimpin2 zalim ada malaysia mati,-1
,0
,0
judi number wan toke kata takpe duit hahahaha,-1
kasino gt pendidikan,0
takda otak kompaun 50k mnjdi jdi orang nak cri spruh tak mati perlu l,-1
iz one disbanded salah,-1
orang gagal salahkan 1mdb,-1
boneka,0
tidak peduli etos membiarkan organisasi berlaku kebenarannya,-1
,0
sesungguhnya merindui nak teraweh masjid,1
mp katakan orang India mendapat keadilan akauntabiliti integriti polisi,0
berikan parlimen kerusi tidak mahu menggunakannya,-1
,0
,0
tiba masanya malaysia bangkit ditekan,0
belajar penampilan spore pls sibodoh diklasifikasikan india,-1
kerajaan,0
,0
,0
kali bangun mahukan berada negara,-1
terima kasih,1
kelantan darul kompaun takbir 50k,-1
gagal beri kuasa menyanyikan penyamun perasuah rompak duit rakyat,-1
berjaya tangkap penyamun perasuah geng kartel tak muka beri pol orang,0
,0
berbeza singapura jiran berada kedudukan no 1 dunia kawalan covid everythin,0
otak letak atas ada bertindak olah otak lutut awani 2021,-1
,0
lelaki tampan dunia michael ballack nigeria kembali hebat pengganas,1
,0
tuan haji zainal tak mengecewakan,1
Gadis berani tidak orang mempunyai keberanian untuk berdiri bersuara keras kebenaran berdiri gurl,1
tindakan menteri untuk pastikan menjadi realiti tak nak suruh adik ain,0
bercakap jam 10 00 15 00,0
yall senyap mengenainya,-1
trending bertahun meninggalkan zaman sekolah ingat kurang,0
berdakwah dazai,0
Saya percaya i menjadi pelajar cikgu lawak lucah budak lelaki kerang,-1
betapa menakutkannya memikirkan membolehkan kehidupan bayangkan kau abah kau abang kau ad,-1
wajah bingung wajah kuat menangis muka,0
orang bergurau mengenai gangguan seksual rogol amp peepers mampos,-1
,0
naib pengetua sekolah menengah membuang bir wanita trans restoran isterinya menjerit penghinaan,-1
sahaja ditujukan wanita lelaki luar,0
sungguh merisaukan sekolah tempat selamat terutama gadis gadis buruk,-1
cikgu takde maruah,-1
jijiknya perangai sorang2 ya allah dunia sumpah menakutkan kuat menangis muka kuat menangis muka kuat menangis kuat menangis muka kuat menangis kuat menangis muka kuat menangis muka kuat menangis kuat menangis muka kuat menangis muka orang macamni budak2 takut nak nak nak nak nak nak nak nak nak,-1
temui tiktok ya komuniti sakit,-1
bisep lentur,0
kacau mula menangis,-1
tenat masyarakat rasa hilang malu melayu islam komen harap a,-1
adik terima kasih berani tahu tidak mudah untuk bersuara orang dewasa mempunyai yo,1
bagus ya perangai cikgu melibas anak murid sejadgn,-1
,0
manusia lelaki mencukupi,0
perhatian guru pemegang ijazah pendidikan jauh tinggi pendidikan cara bercakap,0
,0
memerlukan kedua duanya,0
,0
melindungi generasi muda,0
menyedari salah lelaki sepupu saudara ayah paman datuk untuk mengenali,0
Saya menghormatinya,1
betapa menjijikkannya komen,-1
,0
tanda buku,0
beritahu suara cerita mendengar untuk melindungi mengucapkan terima kasih,1
sekolah cikgu2 lelucon seks bermaksud sekolah selamat tak selamat untuk pelajar,-1
sila sebarkan mengetahui berlaku utas membantu menerangkan,-1
fuck it might fuck around and make an excel spreadsheet to list all email of government mps and pembangkang mp,-1
,0
tw rogol serangan seksual hi oomfs bagus menandatangani petisyen tysm malaysian government,1
kesemua kes mangsa menutup aurat amp berhijap hentikan normalisasi lawak lucah,-1
,0
Kerajaan malaysia paksa sekolah malaysia lindungi kanak kanak perempuan rogol serangan seksual tandatangan petisyen,1
Kerajaan malaysia paksa sekolah malaysia lindungi kanak kanak perempuan rogol serangan seksual,1
berhenti memutar belitkan pernyataan untuk merasionalisasikan kebencian lelaki menjadi budak lelaki menjadi mangsa,-1
memposting igs,0
mf mengatakan tidak percaya video tiktok ain percaya bawang putih penawar covid19 l,0
hati2 tahu risau min kadang2 perempuan,-1
ain sungguh berani,1
kredit untuk amalina,1
menyebut pendidik tidak percaya mata pendidik menulis komen menjijikkan,-1
sign for the petition girls malaysian government force malaysian schools to protect girls from rape and sexua,1
menjadi mangsa gangguan seksual serangan benar benar memahami adik ain s situ,1
kumpulan guru fr melihat kacau,-1
nada kulit ringan penumbuk dinaikkan,0
berdiri berjuang akhir tidak berhenti,1
,0
sangka lagu pop ditulis satu dekad untuk meraikan pemberdayaan wanita meningkatkan,1
Muka mual jijik,-1
tidak sesuai masa sahaja sahaja gembira mempunyai sistem sokongan luar ibu bapanya,1
husben guru amp bersetuju guru sesat ditambah kene tak berani nak bersuara,-1
Saya tidak peduli tag untuk menunjukkan waifu ichika comel indah,0
dato sokong betul,1
,0
biceps flexed biceps light tone flexed biceps medium light skin tone flexed biceps medium skin tone flexed biceps medium dark skin tone flexed biceps dark skin tone flexed biceps dark skin tone,0
eii geram betul budak jumpe cepuk orang nak tolong alih2 tikam belakang nak sgt jad,-1
mendidik untuk membasmi budaya denormalise rap3 penumbuk datang solidariti,1
omg awak gadis muda berani membaca komen komen melampau membuatkan berasa malu muslim malay,1
rip segelintir pendidik malaysia,0
,0
benar benar 17 rasa tidak mendapat pendedahan tepat mengenai lelucon r4pe seumpamanya menjadi keburukan,-1
tak faham betul org2 kt fb nak tngok pakaian budak perlu nak ckp2 pasal breast bes,-1
,0
tidak tidak tutup mulut mengenai perkara mengatakan mahukan sekurang kurangnya tidak cukup pussy untuk menjaga mulut,-1
berdasarkan berlaku malaysia malu untuk mengakui kebodohan,-1
Kerajaan malaysia paksa sekolah malaysia lindungi kanak kanak perempuan rogol serangan seksual tandatangan petisyen,0
,0
tengok post satu mengenai isu orang dewasa melayu meninggalkan sambutan baik tengok,1
mengetahui berlaku malaysia melihat hashtag twe,0
ppl berkhutbah amar maaruf nahi mungkar memerhatikan budaya r joke dinormalisasi sekolah,-1
orang tidak kehilangan kawan,-1
Saya tidak melihat nigga memperjuangkan hubungan menjadi wanita,-1
dunia bergelar pendidik tak cukup terdidik tak ada anak hi,-1
perlu ada latihan berterusan untuk guru untuk membantu menangani masalah hukuman badan kesihatan mental,1
hai lelaki bermakna menandatangani menyebarkan petisyen pelajar,0
pls memahami pergerakan semata mata untuk wanita untuk kanak kanak lelaki luar,0
pdrm nyawa orang gangguan seksual benda utama sahaja selipar penting pergi,-1
melakukannya baik gadis hebat terima kasih bersuara harap keadilan tetap kuat,1
,0
2021 orang menukar amp belajar amp dewasa bertanya pelajar,0
ya pressure orang luar main hentam sahaja niat untuk nak bgus,1
stop laa salahkan geram perempuan laa baca komen fb ain tuu haihhh pouting face,-1
lima kisah baru muncul terus berjalan sebahagian advoka,0
memilih diam bermaksud menyokong serangan seksual sila tandatangani petisyen,-1
bersolidariti penting mesej bawakan rogol jenabahan jau,1
Saya benar benar berharap tidak membuat orang membuat generalisasi kaunselor perspektif buruk kaunselor,0
salah satu kerok musibah tenggelamnya kedunguan penyelenggara negara gagal mencegah,-1
hm myN khy ddwbny wr mly khy mwt pr fsrdh hyN nddwnysh khy Sdr jnb jwkhw wydwdw,0
le a appris avec tristesse mort de l equipage du sous marin indonesien nous prese,0
amp muslim dunia ka kabar tenggelamnya amp kematian awaknya rasa sedi,-1
geger penampakan awan mirip kri nanggala 402 bali faktanya baca selengkapnya,1
,0
barangkali penampakan permukaan dirasakan semangat semangat amalan,1
,0
ada langsung menghubungkan awan unik kapal selam kri nanggala 402,0
sepeman mahasy satu2nya tidak terjadi terjadi kecelakaan maintenance kasel paripurna,0
al fatihah amiin yra tangan dilipat,0
wafat iman islam rasulullah bersabda hadis riwayat muslim 1,0
gugurnya 53 pelaut tragedi untuk ada selamat ok,0
memerhatikan berduka cita sedalam untuk keluarga turut,1
penyebab tenggelamnya kri nanggala 402 baca selengkapnya,0
dpc pdi perjuangan garut kebakaran korban limbangan bungbulang,-1
ya ane emak ada berdoa semoga penutupan prajurit tempat terbaik,1
,0
Perkataan pedih anggota kru jatuh keluarga pegawai kapal selam petty setyo,1
pdi kabupaten perjuangan bandung barat malam memperingati nuzulul qur malam turunnya ayat al qur an mala,1
heboh ustadz abdul somad pengurus masjid jogokariyan galang dana beli kapal selam harganya,
viral penampakan awan bali mirip kri nanggala 402 warganet ada keabadian,1
Pemula ilustrasi tenggelamnya kri nanggala 402,0
gugur doakan husnul khotimah tetap menjaga akidah lurus barakalla,1
taruh bawang alfatihah prajurit dilipat tangan menangis muka,1
suami bertugas kapal selam anggap suami mu mati semoga suami mu i,1
ucapan takziah negara indonesia keluarga rakan rakan 53 kapal selam hidup,1
kri nanggala 402 hilang kontak perairan utara bali rabu 21 untuk kapal latihan pen,-1
orang komentar tidak tahu mengenai insiden kapal selam nanggala 402 terciduk,0
pemerintah kota denpasar ikut berbela sungkawa berduturut ka penghargaan setinggi tingginya atas gugur,-1
trendingin,0
selamat jalan komandan kenang kebaikan kata lembut cerita2 mu ranai see u koma,0
hoaks fakta tenggelamnya kri nanggala 402 ditembak akibat rudal selam kapal prancis,-1
awan atas langit bali kapal selam bikin netizen langsung teringat tenggelamnya kri nang,1
gelombang udara punca kapal selam milik indonesia tenggelam gelomban pergerakan,-1
tahu nama senjata ada dunia pewayangan yuk berbagi pengetahuan,0
tahukah lima nama selam kapal berasal nama senjata dunia pewayangan mari simak,0
sholat gaib untuk prajurit gala nang402 gt gt gt,1
koruptor bebas berkeliaran baik disikat habis uangnya untuk mengganti hasil korupnya,0
tb hasanuddin minta ksal ng jawab kri nanggala 402 tenggelam selengkapnya,0
penghormatan 53 jiwa berani kri nanggala 402 kapal selam melengkung plumbum pensil,1
Kapal turki perang kirimkan bendera isyarat berdoa untuk kri nanggala kapal indonesia,1
,0
proses penyiasatan untuk mencari gelakapal selam kri nanggala 402 terus berlang,0
tiga pesan uas rakyat soal galang donasi beli kapal selam uas ingatkan asal tni rakyat,0
kepolisian polda gorontalo empati atas gugurnya 53 personel kapal selam kri nanggala 402 denggi,1
video awan mirip kapal selam kri nanggala 402 langit bali viral medsos pengakuan perekam perekam,1
berita terupdate kri nanggala hari,0
gambar melemparkan bunga kelopak nama anggota kru tenggelam,1
rondaan kekal dilipat tangan nada kulit ringan,1
kri nanggala 402,0
keliru kri nanggala 402 tenggelam karena ranjau laut militer cina,0
video memperlihatkan penampakan awan menyerupai kapal selam viral media sosial instagram,1
indonesia secara resmi memiliki kapal selam 1959 silam ditunjuk menjadi ko,0
Setelah 40 tahun kri nanggala 402 berstatus rondaan abadi patroli abadi perairan bali ok,1
lakukan memberikan doa terbaik menyokong usaha tni al usaha,1
semoga ada mukjizat kru kri nanggala 402 ditemukan keadaan selamat,1
tragedi mahal harga nyawa tni terulang kembali dukung penuh u,1
staf kepala angkatan laut laksamana tni yudo margono s e mm salah satu keluarga mengunjungi perwira gugur,1
kri nanggala 402 tenggelam diduga faktor alam penjelasan asrena ksal,1
,0
tragedi anggota komisi vi dpr ri amin menyerukan untuk menunda pembangunan ibu ko,0
Dalam amp hening bersemayam palung terdalam penuh kedamaian,1
kri nanggala 402 diduga karam kuat akibat terseret laut bawah kuat diperkuat hasil pantauan,-1
25 25 April 2021 menko pmk melakukan kunjungan kota surabaya rangka memberika,0
tidak bersedia untuk kehilangan tidak bersedia untuk hidup berharap terbaik untuk,-1
tangan berlayar dilipat tangan dilipat,1
rondaan abadi,1
on eternal patrol selamat hari puisi nasional,1
warga bali gempar penampakan mirip awan kri nanggala 402 awan mirip kapal selam tni al tenggelam ter,1
pengalaman merinding pemadaman kapal selam nanggala 402 merangkak jaga keseimbangan,0
sedih mengingati tentera jatuh cinta negara baru baru kedalaman dasar laut bali,-1
jazir anak anak anak melakukan aksi aksi penggalangan dana untuk mendapatkan kurang rp,1
turut berduka cita atas musibah menimpa nanggala 402,0
ustaz abdul somad mengajak uas warga untuk membeli patungan kapal selam,0
kri nanggala 402 kapal selam penyelamat,0
tahu mengambil perpisahan pedih dinyanyikan pelaut nanggala 402 depannya kekal,-1
abdul hadi menerima rawatan rawatan rawatan institut jantung negara atas nasihat doktor,-1
neymar kylian mbappe jadi igauan ngeri bandar raya pertemuan separuh pertama liga akhir,-1
kelab bundesliga rb leipzig dilaporkan kontrak terma ditetapkan pengendali rb salzburg jesse mar,0
dua lelaki mempunyai rakan suspek utama kira kira jam 11 30 malam hari kejad,0
pengerusi mahb datuk seri zambry abdul kadir berkata pihaknya tekad menjaga kebajikan kira kira,1
pengerusi umno pahang datuk seri wan rosdy wan ismail berkata perkara diputuskan kedua dua bers parti,0
astaf satu kenyataan penggantungan perbicaraan diserahkan,-1
datuk masimanjun kerajaan negeri mengenai covid 19 berkata keputusan dibuat berdasarkan keputusan,0
muhyiddin turut menunaikan solat maghrib isyak solat sunat berjemaah tarawih diimamkan imam besar masjid,1
setiausaha politik datuk sham mat sahat majlis sambutan nuzul al quran peringkat nege,0
Pada majlis sultan nazrin berkenan menyampaikan bantuan hari raya dana zakat maipk berjumlah rm,1
anugerah gelaran knight of the national order of merit anugerah kedua tertinggi negara disamp,1
pengumuman rasmi dilakukan mesyuarat exco mpm selepas hari raya aidilfitri datuk seri megat d,0
Kami mendapati pekerja majoriti negara tinggal asrama mempunyai tapak pembinaan kabin padat padat,-1
menterinya datuk seri nancy shukri berkata iftar dijalankan secara rasmi talian facebook jkkn rasmi,0
tan sri mohd khairul adib abd rahman berkata jpa mengeluarkan surat memberikan sebulan,0
polis perak meningkatkan sjr kawasan bersempadan negeri mengekang pergerakan rentas negeri,-1
ayub jamil berkata tempoh operasi dibenarkan memadai cukup untuk membantu peniaga ker,0
datuk mat kasim karim berkata undang undang tindakan diambil bawah seksyen 8 akta letupan bahan 1957 akta,-1
mangsa berusia 3 7 tahun dikhuatiri lemas selepas motosikal ditunggangi ibu hilang imbangan semasa,-1
kanak kanak kanak kanak berada keadaan kritikal,-1
rakyat mahu petikan wacana semalam,0
dasar parti penting petikan wacana semalam,0
Jangan ulang salah laku ph petikan wacana semalam,-1
rakyat rakyat rakyat tengah petikan wacana semalam,0
mahkamah rayuan melanjutkan rayuan kes src bekas menteri perdana sehari 6,-1
tiada masalah haiqal khairul hafiz menjalani latihan tiga gear persediaan lelaki,1
sarawak merekodkan 416 kes baharu covid 19 menjadikan jumlah keseluruhan 29 kes meningkat 377 kes enam kes,-1
niat pengasuh untuk mendapatkan pinjaman talian berakhir kerugian,-1
penutupan memastikan sanitasi memberi peluang pelajar untuk membuat saringan sha,-1
rakaman perbuatan berbaju hijau berlegar legar lokasi untuk mendapatkan tular laman laman web,-1
perbuatan guru jelas tidak profesional bertentangan etika kerja sepatutnya diamalkan indiv,-1
pertumbuhan mendorong kenaikan indeks perlombongan melonjak 32 peratus berbanding 11 peratus berbanding berbanding,-1
hasil siasatan mendapati kakaknya dibawa sekolah sungai tiram neneknya,-1
pdrm merekodkan 180 kes purata kemalangan hari kl bekerja arahan rumah terbatal bermula 1 apri,-1
melihat faktor penyebab situasi menyebabkan berlakunya pelanggaran,0
ketua polis melaka tidak lindungi pegawai anggota bertugas melaka ada ada ada,0
ketua polis pelabuhan dickson superintendan aidi sham mohamed berkata suspek 25 tahun bertin dipercayai,0
kawasan maahad tahfiz al azhari mtaz machang kelantan kampung bangkahulu gemas n,0
pkpd kampung bangkahulu gemas 7 penempatan raub esok,0
mengesahkan menerima motosikal jenis honda dash 125 tidak digunakan yb steven sim minta,0
projek rumah terbengkalai dibina selepas aidilfitri,1
harga ron97 runcit 95 diesel kekal harga petrol ron97 ron95 diesel kekal tidak berubah mas berubah,1
membimbangkan pakar ekonomi pakar ekonomi lontarkan bertindak kurang maju,-1
mahkamah mengarahkan arunakirinathan membuat permohonan maaf secara bertulis terbuka,-1
muhyiddin gesa penguat agensi kuasa menggunakan pendekatan berhikmah memastikan pematuhan sop mas,1
menteri exco kerajaan negeri mempunyai kuasa kuasa terlibat langsung penyediaan sop diminta le,0
abdul hamid berkata peniaga merayu faktor faktor faktor dimaafkan diringankan jumlah ko,1
kekal harga rm2 58 rm2 05 rm2 15 seliter tempoh 29 april 5 mei,1
status malaysia 28 april 2021 klik untuk baca berita penuh,0
ammar aiman 23 tahun berkata kompaun dikeluarkan atas namanya bawah kesalahan tidak mengawal pelanggan lelaki,-1
kata citf pahang keputusan untuk berikan vaksin pekerja sektor pelancongan melibatkan 56,0
pejabat kesihatan proses mengemukakan fakta ibu pejabat kementerian kesihatan malays,0
Saya minta dbkl siasat semak bayar tidak bayar adil membayar terkena,-1
peniaga colek tiga individu kompaun rm50 000 kelantan,-1
kes baharu negeri mengikut malaysia 28 April 2021 klik bio,-1
dua kali suspek diburu lapan bulan dikehendaki terlibat penipuan seo,-1
mauricio pochettino secara terbuka terbuka akui pep guardiola jurulatih terbaik dunia,1
program turut disertai agensi badan kebajikan berdaftar bawah kpwkm,0
tindakan kerajaan pn isu berhubung kompaun meresahkan sesetengah tunjukkan keprihatinan,-1
kkm berwaspada peningkatan kes terutamanya sarkelantan selangor selepas purata pelapor,-1
Saya ambil tindakan tidak mendapat pengurangan atas kompaun mansah,0
Nak tahu berlaku rumah,-1
kebakaran kebakaran terjadi akibat penggunaan tenaga elektrik kecuaian kendali perkakas e,-1
Bagi kemasukan murid tingkatan satu sekolah laksanakan tahun berdaftar sa,0
selangor mencatatkan kes tertinggi 1 019 kes diikuti kelantan 523 kes,-1
pihak gpms menyambut baik pengumuman menteri pendidikan senator datuk mohd radzi md jidin berhubung pema,1
upsr mansuh sepenuhnuhnuh pt3 dibatalkan tahun klik untuk baca berita penuh,-1
hilang lori 10 tan dipandunya terjunam sungai,-1
abdul hamid berkata peniaga merayu faktor faktor faktor dimaafkan diringankan jumlah ko,1
azalina berkata kenyataan diberikan takiyuddin untuk menjawab kerisauan rakyat salah guna guna kuasa kuasa kuasa kuasa,1
Menteri besar datuk seri aminuddin harun berkata melibatkan 340 individu sepatutnya vaks,-1
malaysia membuat tempahan vaksin mencukupi untuk kegunaan penduduknya,1
pengarah negeri zaki mokri berkata diberikan jaminan diberikan selepas pemeriksaan kawasan perikanan,0
hanafi zulkapli dipilih ketua ketua pemuda pn,1
christian pulisic meletakkan pelawat minit 14 karim benzema kedud,0
Menteri besar datuk seri aminuddin harun berkata dibuat 3 mei melibatkan jumlah ok,0
mayat terapung kolam tadahan benteng 2 segambut sinaronline,-1
muhyiddin gesa penguat agensi kuasa menggunakan pendekatan berhikmah memastikan pematuhan sop mas,-1
suspek 40 tahun ditahan jam 12 jam 45 tengah hari,1
kelonggaran diberikan untuk memberi peluang ibu bapa bapa bapa anak anak mencari apan sempena,1
elemen dana sumbangan politik perlu dikawal berkesan merangkumi perspektif meluas,1
Menteri besar muhammad sanusi md mengatakan jumlah bantuan keseluruhan 3 juta,1
lelaki satu serbuan kawasan hentian rehat rawat gunung semanggol bagan serai selasa,-1
modus operandi dikenal iaitu penyeludupan merentas dipercayai menaiki bot bergerak negara thailand menuju menuju,-1
christian pulisic meletakkan pelawat minit 14 karim benzema kedud,0
Menteri besar datuk seri aminuddin harun berkata dibuat 3 mei melibatkan jumlah ok,0
mayat lelaki terapung kolam tadahan benteng 2 segambut,-1
muhyiddin gesa penguat agensi kuasa menggunakan pendekatan berhikmah memastikan pematuhan sop mas,1
mendalam mengenai guru membuat lawak rogol dilakukan tindakan diambil,-1
mahkamah rayuan diberitahu datuk seri najib tun razak pengarah pengarah bayangan src interna,-1
amrin awaluddin dilantik pengarah urusan kumpulan ketua pegawai eksekutif tabung haji bermula 6,1
berjaya ditemui pasukan penyelamat jarak 300 meter tempat kejadian,1
hakim s indra nehru menjatuhkan hukuman tertuduh zulkifli othman mengaku bersalah atas pertuduhan ters,-1
Surat kepala surat atas nama istana disyaki negara palsu via sinaronline,-1
kerajaan perlu mengambil kira keraguan ramai orang keselamatan kesankeberan penggunaan vaksin jenis,-1
hakim jamaludin man menetapkan tarikh timbalan pendakwa raya hakim amir abdul hamid terda,0
upsr mansuh sepenuhnuhnuh pt3 dibatalkan tahun sinaronline,-1
maritim malaysia kelantan berhubung pasukan polis marin thailand peka penemuan penemuan,-1
perkara diumumkan menteri pendidikan datuk mohd radzi md jidin,0
semoga sentiasa berada bawah lindungannya dijauhkan ujian ameen medium light skin tone medium light tone,1
bergegar wajah mengedipkan mata,0
harian covid 19 mengemas 3142 kes positif baru amp 15 kematian dilaporkan hari,0
salam berjabat tangan 3k,0
harian covid 19 mengemas 2733 kes positif baru amp 13 kematian dilaporkan hari,0
harian covid 19 mengemas 2776 kes positif baru amp 13 kematian dilaporkan hari,0
harian covid 19 mengemas 2690 kes positif baru amp 10 kematian dilaporkan hari,0
meminta malaysian pls sedar covid 19 mengikuti sop s tanggungjawabnya,0
harian covid 19 kemaskini 2717 kes positif baharu amp 11 kematian dilaporkan hari,0
harian covid 19 mengemas 2847 kes positif baru amp 8 kematian dilaporkan hari,0
1 tahun fucking langkah langkah bodoh merosakkan mata pencarian katakan,-1
malaysia patut terajui contoh jepun,0
harian covid 19 mengemas 2875 kes positif baru amp 7 kematian dilaporkan hari,0
Gelombang untuk,0
harian covid 19 kemaskini 2340 kes positif baharu amp 11 kematian dilaporkan hari,0
0301h aliran trafik bergerak lancar wal arah lebuhraya cuaca patuhi baik arahan perin,1
Simbol Jepun untuk pemula 14 hari taburan kes covid 19 mukim negeri kedah pejabat sumber kesihatan negeri kedah,0
harap2 takde kluster baru lgi kt perak 08 sila,0
dukacita Japanese symbol for beginner 2 klister baru negeri kedah sumber kesihatan pejabat kedah negeri,-1
dukacita Japanese symbol for beginner kluster pintu air relau negeri kedah sumber kesihatan negeri kedah,-1
gembira menahan mak merentas negeri minggu membencinya mengatakan alah rentas sahaja negeri polis,1
dukacita Japanese symbol for beginner kluster layar hujung negeri kedah sumber kesihatan pejabat kedah negeri,-1
pemasaran untuk,0
orang hangpa jadikan idola,0
cerita cerita diikuti eh cuba karya kawan hangpa kena plagiat t masa,0
platforming in souls game selalunya a shitty experience stop it,-1
malaysia nak ya tolong allah kemain pergi baazar tar,0
pushpin link group tempahan t shirt sohor down arrow sebarang pertanyaan masalah telefon bimbit hubungi anak panah,0
selamat datang bro senyum muka mulut terbuka tertutup mata,0
garage fc 0 untuk kkfc tamat kkfc garage fc berpihak keputusan kkfc,0
rasanya covid tak pergi melancong kot kampung jer covid suka,0
tambahnya sop pergerakan rentas negeri tidak dibenarkan aktiviti pelanco,0
,0
,0
terima kasih untuk semoga hati merah dimurahkan rezeki semoga sekeluarga dilindungi,1
,0
satu satunya cara untuk maju negara mula menolong mengikuti sop untuk menghentikan,1
salam ramadan sekeluarga semoga ramadan kali bermakna sebelom covid 19,1
28 april 2021 16 ramadhan 1442h salam nuzul al quran ikhlas warga kerja jkr daerah timur,1
selamat berbuka puasa ramdhan 15 majlis iftar ramdhan hotel pearl kl bos kakitangan tersenyum muka mata tersenyum tersenyum tersenyum muka mata tersenyum tersenyum tersenyum senyum muka mata tersenyum,1
mudahan ambil peluang bulan mudah penuh barakah untuk meningkatkan nilai mutu nilai ibadah ria,1
ubat carhaid amp ubat gugurkandungan terbukti keberdapatkan kesanannya selamat diperca kesanannya,0
kuasa merosakkan lelaki sila mempunyai tenaga lakukan untuk blm,1
,0
salam nuzul al quran 17 ramadhan 1442h muslimin muslimat bersamaan rakkan hi,1
28 april individu dikenakan kompaun langgar sop covid 19 rayuan sa,0
,0
unikl berharap rakan muslim salam nuzul quran semoga belajar menghargai keindahan o,1
selamat menyambut nuzul al quran 17 ramadan 1442h,1
wasap tetapkan masa amp tarikh,0
keputusan semasa garaj fc 0 3 kkfc tamat masa pertama kkfc mendahului permainan 3 0,0
salam nuzul al quran,1
lelaki wanita budak lelaki sangka belon,0
,0
,0
,0
,0
pushpin operasi benteng tugas nasional ntf,0
kuala rompin 7 april 2021 y bahagian profesor dato salina binti daud timbalan naib canselor uniten kshas berb,0
rancangan2 tv lain-lain amp artis2 pakai pelindung muka amp p,0
kes baharu covid 19 tinggi kes sembuh iaitu 3 142 kes berbanding 1 822 kes perak berbanding mencatatkan 69,-1
tuan ir haji cheremi bin haji tarman timbalan dipertua mps hari membuat lawatan pemantauan sop,0
,0
,0
pkpd 2 sungai chalit amp 5 penempatan sungai raub pahang berkuatkuasa 29 april 12,0
lelaki wanita budak lelaki sangka belon,0
salam nuzul quran rakan keluarga muslim semoga dilengkapi ilmu pengetahuan diberkati,1
ya kadang tersangat ego berpolitik 24jam mahu orang betul salahlain,-1
pushpin operasi benteng tugas nasional ntf pushpin banci 2020 3 bahasa,0
,0
,0
salam nuzul al quran 1442 h ikhlas ydp tydp ahli majlis pengarah jabatan warga perb,1
program rasa bubur lambuk komuniti diadakan 28 April 2021 bertempat pangsapuri taman s,0
tanda silang,0
menurut tinjauan baru sumber dipercayai penyelidikan diterbitkan januari bmj tidak ada bukti kuat untuk su,-1
,0
,0
2100hrs aliran trafik bergerak lancar lokasi jsahms cuaca hujan sila patuhi mempunyai laju ditetapk,1
,0
burung bayan hinggap dahan mencari makan malam 17 ramadan diturunkan al quran petunjuk sekalia,0
info makmur johor faktor risiko kes covid 19 negeri johor 28 April 2021,-1
14 hari eid,0
,0
pushpin kempen puturantaian covid 19 pushpin operasi benteng tugas nasional ntf,0
28 april pembebasan datuk addy kana pdrm kaji isu siasatan teknikal sahih,0
status task force terkini pematuhan pdrm sumber kenyataan media menteri kanan pert,0
soalan rentas negeri guna kad menteri jawapannya tak semestinya menteri sahaja s,0
,0
lelaki wanita budak lelaki sangka belon,0
28 april kes positif kembali tembusi angka 3 000 sahih berita rtm,-1
,0
,0
pemakluman harga runcit produk petroleum bermula 29 April 5 mei 2021 ron95 rm2 05 ron97 rm2 58 diesel rm2 1,0
ulang tahun gembira untuk mengucapkan terima kasih atas kata kata bergerak tindakan berani,1
pkpd maahad tahfiz al azhari mtaz machang kelantan atkuasa berku29 april 12 mei 2021 sahih berit,0
dimanakah azman farid bantu situasi bajet ya,0
pkpd institut aminuddin amp kuarters kakitangan sri layang bentong pahang ditamatkan 28 april 2021 yan,1
,0
,0
Trend membimbangkan menjadi india,-1
pkpd kampung bangkahulu gemas negeri sembilan berkuatkuasa 29 april 12 mei 2021 sahih berita rtm,-1
28 april majlis khatam al quran amp rewang iftar bes 1442h 2021m sahih berita rtm,0
info makmur johor taburan data kes covid 19 negeri johor kemaskini 28 april 2021,0
,0
,0
,0
,0
baru terus meningkat tidak turun bawah 1000 25 tidak meneruskannya o,-1
kerajaan mmg menguji kesabaran rakyat malaysia benar tidak ada harapan tersisa untuk ta,-1
nak guys harap risau muka,0
tak sayang sayang kena sosial jauh 1m,1
slogan untuk geng depa jaga jaga nasi masing2 pergi mampus marhaen,-1
keistimewaan bulan ramadan al quran diturunkan faedah manfaat untuk kehidupan salam,0
1901hrs aliran trafik bergerak lancar lokasi jsahms sila patuhi laju ditetapkan teruska,1
mercy malaysia mengucapkan salam nuzul al quran umat islam malaysia mari menghay,1
polis sepatutnya lindungi warga negara bunuh warga negara bergantung,-1
penumbuk terangkat,0
India malaysia 7 populasi kajian menunjukkan 55 orang India malaysia meninggal dunia,-1
maaf rasa kes rm 50k diviralkan nak tutup benda2 eh,-1
,0
mengatakan hak ganapathy wan diaspora malaysia India malaysia india berurusan pihak berkuasa India,-1
,0
tidak layak mendapat tidak bersalah bersalah tidak layak mendapat berlaku,-1
,0
,0
lowkey merasa kes ganapathy kurang pendedahan muncul,-1
,0
cepat menilai cepat untuk menghukum berada talian menjengkelkan tingkah laku kelihatan,0
zalim sungguh,-1
tindak balas luar untuk bercakap mengenai kedudukan orang India malaysia peo,0
,0
tidak menekankan jantung merah cc cukup,-1
mengecewakan,-1
,0
tolak rang undang undang ipcmc anak lelaki ayah orang perlu mati,-1
oh tunggu,0
Saya dipilih pegawai polis malay mencari cara,-1
polis perlu henti salah guna kuasa,-1
yall senyap mengenainya,0
,0
keadilan untuk ganapathy,1
,0
ada pautan jelaskan berlaku,0
Rang undang undang ipcmc perlu diluluskan dilaksanakan kes kekejaman polis menyedihkan gabenor,-1
orang mati tahanan polis rang undang undang ipcmc dilaksanakan sepenuhnya amp dikuatkuasakan undang undang,-1
memerlukan perhatian,0
,0
,0
Saya mendengar pengalaman didiskriminasi sekolah umum sakit menuntut keadilan untuk ga,-1
,0
oh tuhan dahsyat,-1
,0
,0
a malaysian tamil man ganapathy spent over twelve days in police custody he was beaten by the police with a rubbe,-1
,0
Saya tahu polis malaysia,0
memilukan keadilan mengatasi wajah termenung,-1
kekejaman polis perkauman menjadi mohon keadilan ganapathy ahli keluarga,-1
Saya merasa berat memikirkan keluarga kehilangan ayah lelaki,-1
,0
,0
nada kulit sederhana penumbuk,0
kekejaman polis wujud perkauman malaysia mengambil langkah untuk buruk mesti memperjuangkan keadilan,-1
,0
,0
keras,0
tahu omong kosong mahukan untuk peduli pergerakan mendapat daya tarikan matt,-1
,0
righr kekejaman polis bulan suci acab ramadhan negara tidak berwajah neutral i h,-1
masa 24 jam menemui fiverr,0
tw kekejaman polis tw kematian tw darah tw memukul,-1
tidak pergi facebook dipenuhi teori konspirasi rasis memuntahkan assholes,-1
,0
malaysia india memerlukan keadilan bersatu sertai brickfields datang hari sabtu 7 malam,-1
,0
,0
tidak percaya polis kerajaan percayai,-1
malaysia sebenar tahu mengenai bangsa orang,1
,0
permainan baru muat turun hori hai mengatasinya aap hmara channel styleytgamer sila lihat indeks backhand menunjuk bawah indeks backhand menunjuk bawah indeks backhand menunjuk bawah,0
,0
,0
dear malaysia nak ikut jejak amerika serius berlaku malaysia sila stop bein langkah,-1
mempunyai perhatian malaysia mendapat perhatian dunia tahu malaysia i,-1
lupakan bangsa agama memperjuangkan perkara benar benar penting,-1
,0
f kers rasis,-1
,0
rajput payal kecantikan panas,1
nada kulit gelap sederhana penumbuk menaikkan nada kulit gelap penumbuk menaikkan warna kulit gelap penumbuk,0
,0
tahu tidak ada perogol merogol anak perempuan saudara perempuan tidak mati tahanan polis,-1
,0
sesiapa sahaja saluran berita membuat liputan isu,0
,0
tidak terlibat gangsterisme tidak ada kaitan gangsterisme berjuang untuk ju,0
,0
malaysia perlu menyokong mengira latar belakang agama kepercayaan,1
masa sesuai untuk bangkitkan keadilan membunuh kekejaman polis negara,-1
,0
,0
,0
,0
muka pensif muka termenung,0
,0
,0
,0
animasi logo suai untuk memerlukan kerja berkaitan grafik dm tertib,0
,0
raja pemuda mikrofon menjinakkan eswaran navin gounder oh ya sibuk menyerang non mic ngo maaf untuk bertanya ya,0
malaysian berkumpul memperjuangkan keadilan,1
,0
,0
,0
Saya mengkritik fella isu percaya ahli politik tidak mahu membincangkannya,-1
diorang faham kecewa semangat i gila belajar untuk upsr hari2 belajar keras pagi skolah petang klas tm,-1
dibuli rakan sekelas tahun 5 2014 ayah meninggal tahun berikutnya,-1
kpm pikirla pasal pt3 upsr smue bnde nak enjoy petik pasal result dhla,-1
upsr 2a 2b 1c spm diakhiri 8a 1b bermula,1
ulangan upsr,0
upsr kenangan 1996,-1
upsr tahun 2009 tahu tak 5a tak jangka rasanya mmg tak perjuangan masa r,1
upsr hilang idea buruk kerajaan baru menghadapi bulan,-1
upsr 2011 5a time cikgu tak percaya percaya dikenali ratu tidur kelas pensive face,0
sedihnya upsr kena mansuh,-1
upsr mansuh pt3 batal spm stpm tunda,-1
percubaan hasil comeback upsr upsr 2006 wajah 2a 2b 1c mulut,1
alhamdulillah time upsr laa berlagak pandai hahah,1
upsr dimansuhkan ingat hasil upsr tahun 1999 2a 2b 1c,-1
alhamdulillah muka straight a s upsr 2015,1
upsr tinggal kenangan batch pts sekejap kenangan tak lupa,-1
sedih upsr dimansuhkan batch upsr untuk subjek untuk perghhh,-1
done merasa kena banding result upsr result teruk sepupu rolling on the floor laughing rolling on the floor laugh membe bangang makaku cik,-1
1988 2020 upsr kenangan al fatihah,-1
zaman ada upsr,0
4a 1b sains benci sains last2 belajar kejuruteraan kimia bioproses bergulir lantai ketawa kenangan upsr,-1
upsr 2014 2a 2b 1c batch tersakiti repeat paper upsr smiling face with heart eyes thumbs up,-1
upsr dimansuhkan sia2 straight a adik2 sedara ngan anak2 buah tak tahu tak zaman depa takde upsr weary face,-1
tidak mendapat hasil baik untuk upsr tidak melakukannya baik sekolah menengah aigoo,1
trial 4a1b haha upsr syukurlah 5a face with tears of joy,1
wow stress psal upsr haha tak pasal exam time skolah rendah study idok r,-1
masa darjah 6 ada member nama baik danial gak kata tiap2 minggu gaduh orang cita2 nak,0
eu nem queria esse velhote eu tava dando pull de zoeira mas agora vou upsr,0
rindu upsr,1
upsr sahaja pandai terakhir,-1
3a 2b 3 kali percubaan skali sahaja 4a1b 5a sbbkn time nak acah2 rebel xnk kne anto prgi boarding,0
2000 upsr kebangsaan sekolah seri paka terengganu 2a 2b 1c hahaha masa ngongoi nangis,-1
bermaksud tidak ada upsr masa,-1
berkat pembetulan ujian sains upsr b,1
upsr 4a pt3 4a spm 1a diploma 2 93 kesimpulannya bengap takpe lanmekasih abi um,-1
upsr zaman bijak masuk sekolah menengah haram belajar hahahahaha,1
upsr last i pandai masuk smk terus keluar,-1
3a 2b 2006 phd jadi rasa upsr tak menentu nak pelajar rasa exam besar,0
kak upsr kak spm pt3,0
jadi ujian tahun 5 nak dedahkan format upsr mansuh tersenyum muka mulut terbuka peluh sejuk,0
kesihm time upsr jadi budak pandai hahahhsjd,-1
7ingat subjek sahaja face with tears of joy gred tak ingt upsr 2012,0
2b 2c 1d nasib baik upsr spm hancurs,-1
upsr mengajar tidak bodoh,1
sekurang kurangnya menyimpan rekod hasil upsr pt3 terbaik sepupu tersenyum muka mulut terbuka menutup mata jempol warna kulit ringan,1
nampak pandai kot jadi baik orang kawan form3 pastu tengah tahun form3 baru nta muka air mata kegembiraan seka,1
upsr 2006 2a 3b 1c s bukit damansara s ok b d,0
darjah 6 crush bf darjah 5 tahu pastu bf upsr,0
top 10 student untuk trial upsr kt daerah masu,1
ah ya upsr tidak dimansuhkan tahun 2016,0
jadi um 07 s batches gen terakhir pelajar upsr 08 s batches gen pertama tidak mengambil wajah badut upsr,0
darjah 3 subjek sains ada soalan tujuan eksperimen jawapan salin balik,0
upsr tidak dihapuskan,0
5a relieved face skang degree nak skor 1a payah sial hilang tah kepandaian masa upsr,-1
tiba-tiba upsr unnesecsdvevsvry test for 12 years old apo,0
5a nail polish light skin tone nail polish light skin tone nail polish light skin tone rasa motivation masa upsr nak duit pibg sahaja hahaha dorang janji 5a,1
rasa ada masalah pelutang nak ceingat belajar time upsr hahahaha,-1
mendapat 5as alhamdulillah upsr kenangan kuat menangis menghadap dua hati,1
3a2b percubaan mase 4a masa upsr kena chicken pox teruk gila tidak belajar ya ok,-1
upsr tahun 2006 hasil 4a 1b b bahasa inggeris susah nak skor bi tak pandai bi,-1
ujian upsr berprestasi hahaha,1
senanya takapa dijawab masa upsr tahu tahu hasil okay grinning face,1
upsr muka tersenyum peluh sejuk mulut terbuka,0
amik upsr masa malaysia jadi tuan rumah komanwel 3a 1b 1c,0
1a 3b 1c matematik tak suka mengira zaman upsr main sahaja 3,-1
jadila 4a masa upsr,0
okay gak babi ada upsr tak budak tengok tiktok main ml main tiktok ada upsr camni zzz,0
upsr peperiksaan tuah pengetua menanti stia 2003,0
upsr tahun 92 3b 1c 1d,0
duduk banding upsr senang teknologi internet kut nak sumber belajar zzzzzz,0
upsr 2009 4a1b tak harap main rolling on the floor laughing masa upsr pmr sahaja rasa masuk spm hancur face with stuck out tongue,-1
pengumuman pemansuhan selepas rakan upsr rakan bergraduasi kursus pendidikan punya beban tanggungja,-1
exam tahun 2009 alhamdulillah 5a upsr masa before2 exam nombor puluh2,1
pasal upsr bising lawak betul,0
upsr sepenuhnya suhkan bermaksud lepasni takde upsr menyedihkan sebilangan kanak kanak mendapat motivasi peperiksaan p,0
upsr 5a upkk 8a tak silap straight a jugak hehe pmr 8a spm 4a jadi bodoh guna kuota,-1
rip upsr,0
tiada istilah belajar 5 tahun untuk peperiksaan 5 hari,0
me mrsm form 1 batch 1995 takde plak exam khas untuk masuk mrsm de,0
takde upsr tak kenangan basikal,0
trial 1a sahaja mmg cikgu takda target straight tetau upsr 5a nerd face,0
hadap upsr psra tak stress hadap dua kohkohkoh,0
kakak mendapatkan switch lite berada upsr oh baiklah,0
sial benar mengambil upsr tahun 2008 jadual padat 7 pagi 2 petang sekolah 2 untuk kelas,0
Sepertinya 3 mengalami upsr satu satunya pt3 kalangan siblin,0
kesian geng upsr tahun tak happy habis last paper pastu tahun bawak mainan datang,-1
2a3c i ingt i nangis hasil padabaru upsr face with tears of joy smiling face with open mouth cold sweat,-1
tak de upsr nak ukur,0
3a 2b masa abah konfiden 5a jadi upsr pakai hp hasil hari hp kene amik balik,0
4a 1b upsr 2004 sk taman tasik b matematik expressionless face zaman sekolah matematik slow sikit masuk u baru ota,0
apesal under trending psal upsr smua ckp psal stress xrsa ape2 face with tears of joy lgpon ada exam bru ada kseda,0
satu perkara rasa tiada upsr budak tak budak bersaing zaman maksudkan bersaing un,0
3a2b menyesal jugak belajar main2 untuk upsr pmr tebus balik,0
merokok bayi upsr pack mati,-1
5 a s upsr sahaja a masuk pmr spm a pergi tapau rolling on the floor laughing,0
trial 3c 2 d upsr 5a mashaallah,0
upsr sepenuhnya suhkan pt3 spm rasa kpm lupa tat mempunyai pelajar duduk f,0
upsr dimansuhkan nak nak nilai pelajar masuk sekolah menengah lepas darjah 6 muka keliru,0
rasa ada upsr murid sekolah rendah anggap ujian mu,0
who study for upsr have fun blaja have fun exam pastu have fun amik result klu perform happy tak perf,1
emco dikuatkuasakan kawasan pahang mulai esok,-1
,0
sorotan menteri pertahanan datuk seri covid 19 kenyataan media emco dikuatkuasakan,-1
malaysia s number of new cases reached over 3 000 after health ministry recorded 3 142 infections tod,-1
berikut harga petrol berkuat kuasa esok 29 April 5 kekal rm 2 05,0
vaksin astrazeneca diberi secara sukarela bermula kuala lumpur konsep selangor cepat d,1
ada reaksi bercampur campur ibu bapa mengenai langkah kerajaan mengenakan penutupan sekolah negara selepas,0
highlights from education minister pc the pt3 examination for 2021 has cancelled start,0
dakwaan kononnya larangan rentas berkuat kuasa 5 hari amp aidilfitri viral,0
haiqal hanafi teruja untuk kembali jalani latihan bawah kendalian poad md kassim,1
6 penuntut matrikulasi perak viral dikompaun rm1 500 tidak pelitup menarik nafa,0
peniaga terlibat sejumlah individu termasuk selebriti menawarkan bantuan untuk membayar,1
kkm nilai kes peniaga burger kelantan dikompaun 50 000 berniaga melebihi ditetap waktu,0
chelsea mencatatkan seri 1 madrid sebenar perlawanan pertama separuh akhir,1
kemas terkini mengenai zon merah malaysia setakat semalam 27 April,0
bermula hari Kamis sabah tidak berada bawah perintah kawalan pergerakan pemulihan,1
berikut rangkuman cepat cerita teratas mulai petang,0
status terkini perintah kawalan pergerakan malaysia,0
Jumlah kes covid 19 dilaporkan 2 733 kes tertinggi direkodkan selangor 750 diikut,-1
pengekalan status pkp pkpb pkpp bekuat 29 april 17 mei sarawak 27 april,0
sabah status pkpp pkpb perlis kedah melaka perak negeri sembilan pahang tereng,0
intipati sidang media menteri keselamatan datuk seri ismail sabri yaakob pelaksanaan pkp semu,0
pelakon lee kwang soo meninggalkan lelaki berlari 11 tahun acara variety show korean selatan popular,-1
neelofa dikompaun rm20 000 suami 20 ahli keluarga terima hukuman,-1
ikut garis panduan kompaun pkp takiyuddin hassan sila,0
Walau pihaknya meningkat 50 peratus tempoh 2 bulan kata khairy lag,-1
pendaftaran program imunisasi covid 19 rendah mencapai sasaran menteri penyela,-1
menteri keselamatan datuk seri ismail sabri yaakob mengumumkan bakal hari kategori pkp perayaa sempena,0
bergantung data ujian klinikal diterima syarikat pfizer antarabangsa,0
kerajaan sedia mempertimbangkan pemberian vaksin covid 19 penerima berusia 18 tahun kumpulan umur ya,0
saingan piala afc melibatkan dipinda afc,0
leicester beat crystal palace 2 1 to move closer to champions league qualification,1
Pendidikan kementerian tidak hukum murid pelajar tidak hadir sekolah kekhuatiran bapa ibu,1
operasi persekolahan sekolah rendah menengah negara ditutup cuti raya aidilfitri b,0
pkpd dikuatkuasakan pembinaan kawasan empangan hidroelektrik baleh kapit sarawak mulai esok 6 mei,0
pkpd pusat komuniti bersepadu pulau serai pekan pahang ditamatkan esok awal dijadualkan,1
pkpd pasar perumahan sim sim kampung sungai obar batu 7 sandakan sabah ditamatkan esok pkpd kam,1
kerajaan sekat keluar masuk india mencegah penuaran varian baru covid 19 neg,0
kenyataan media menteri kanan datuk seri ismail sabri yaakob berhubung pelaksanaan pkp pdrm menah,0
berikut rangkuman cepat cerita teratas mulai petang,0
malaysia melaporkan 2 776 kes baru hari selangor mempunyai kes terbanyak 762 diikuti sarawak 615,-1
anthony hopkins memenangi oscar pelakon terbaik untuk ayah,1
frances mcdormand memenangi pelakon terbaik untuk nomadland,1
nomadland memenangi gambar terbaik,1
berikut keputusan pengarah terbaik 2021 chloe zhao untuk nomadland pelakon penyokong terbaik y,1
Laporan laporan terkini kapal selam ditemui 3 bahagian dasar laut bali 53 kru disahkan meni,-1
pertuan agong raja permaisuri agong berdukacita ucapan takziah indonesia,-1
projek perintis pembelajaran tanggungjawab digital sosial korporat diumumkan belanjawan 2021,0
50 000 murid sekolah bakal menerima peranti pintar akhir bulan bawah inisiatif cerdik sejumlah 100 000 lag,0
kelonggaran untuk pekerja malaysia singapura suntikan vaksin untuk pulang sambut aidil,1
kempen daftar vaksin diperluaskan komuniti kawasan rukun tetangga ramaini,0
perbincangan mengenai perkara dua negara dijangka dilakukan masa terdekat,0
kerajaan meneliti kemungkinan kelonggaran pekerja malaysia singapura untuk pulang sambut a,1
man city beat spurs 1 nil to win the league cup while man united dropped points in the epl title,1
2 kenyataan media menteri kanan keselamatan datuk seri ismail sabri yaakob berhubung pelaksanaan pkp 25 april,0
1 kenyataan media menteri kanan keselamatan datuk seri ismail sabri yaakob berhubung pelaksanaan pkp 25 april,0
2 690 kes baharu dilaporkan hari selangor 25 April mencatat kes tertinggi 7 kes,-1
pengembara asing masuk malaysia perlu jalani sop ketat,0
elavarasan puas raih 1 mata paroi,1
epl newcastle dent liverpool s hopes of a top four finish camera reuters,0
kementerian kesihatan mengalu alukan karantina ketat untuk kedatangan luar negara tengah tengah pengesanan kes involvi,-1
pkpd bandar sri indah kampung titingan tawau sabah dilanjutkan mulai 26 april 9 mei 2021 pkp,-1
kerajaan perkenalkan sop khusus untuk pengembara baru tiba negara melaporkan virus penularan c,-1
kenyataan media menteri kanan datuk seri ismail sabri yaakob berhubung pelaksanaan pkp pdrm menah,0
everton kalahkan arsenal 1 0 aksi liga perdana inggeris awal pagi kemenangan pertama tempat lawan,1
hasrat selangor mencatat kemenangan berturut turut liga tidak super kesampaian diikat sabah 2 ketiga,-1
kedah darul aman pamer kebangkitan memukau untuk menewaskan kota kl 3 2 liga super alor setar malam,1
berikut rangkuman cepat cerita teratas mulai petang,0
2 847 kes baru covid 19 hari dilaporkan tertinggi 748 kes diikuti sarawak 7,-1
mco dipertingkatkan dikuatkuasakan sekolah menengah melarang selangor mulai esok peningkatan 19 kes covid,-1
berikut sorotan menteri kanan datuk seri covid 19 pc perjalanan negeri,0
bimbang kehilangan pemberitahuan vaksinasi dihantar untuk mengingatkan mengenai janji temu,1
fasiliti hospital amp pkrc kelantan penuh,-1
kes harian mencecah 3 000,0
semalam kelantan mencatatkan 662 kes positif covid 19 tertinggi negara,-1
berikutan kes lonjakan kelantan menyebabkan hospital fasiliti pkrc negeri penuh keadaan,-1
Sebuah sekolah berasrama penuh bharu dijadikan pusat kuarantin risiko rendah covid 19 pkrc pusat han,0
skuad harimau malaya tetap bawa pemain tidak divn aksiaksi untuk kelayakan piala dunia 2022 uae,0
bandar leicester epl ditutup kamera penamat empat teratas,1
berikut rangkuman cepat cerita teratas mulai petang,0
kerajaan setuju kenaikan tempoh pegangan pajakan tapak smk convent bukit nanas tamat 6 september,0
,0
sorotan menteri keselamatan kanan datuk seri ismail sabri yaakob s siaran akhbar dipertingkatkan,0
2 875 kes baru dilaporkan hari negeri jumlah jangkitan tertinggi kelantan 662,-1
kerajaan umum bantuan khas kewangan bawah aidilfitri rm500 penjawat awam gred 56 rm250 pesara,1
covid 19 kes meningkat malaysia persatuan doktor kesihatan awam malaysia memberitahu ada,-1
malaysia masuk gelombang untuk pakar,0
semalam kelantan mencatatkan 370 kes baru covid 19 negeri berada ketiga tertinggi kes sem harian,-1
3 jajahan kelantan pkp iaitu jeli kuala krai gua musang bermula hari tamat ser,0
kesatuan olahraga malaysia tetap letak kepercayaan dwayne miller untuk membimbing skuad pecut negara,0
polis perketat kawalan plaza tol amp sempadan negeri,0
pendidikan negeri jabatan jpn pahang meminta ibu bapa tidak menghantar anak bergejala de,0
ujar datuk seri abd jalil hassan langkah bertujuan membendung penularan pandemik covid 19 sekolah pahang,1
sekolah pahang mencetuskan kluster covid 19 dikompaun menurut ketua polis pahang kompaun,-1
man city mengalahkan aston villa untuk mendekati gelaran liga perdana,1
kemas terkini mengenai zon merah malaysia setakat semalam 21 April,0
inter milan atletico madrid bergabung 6 kelab teratas menarik kontroversi,0
kluster pendidikan sektor membimbangkan rangkuman berita petang,-1
emco dikuatkuasakan 3 kawasan perumahan lahad datu sabah mulai esok 5 Mei emco kampung,-1
sorotan menteri keselamatan kanan datuk seri ismail sabri yaakob s siaran akhbar harian 230,0
