Raw,CD-RE,Polarity
Salah satu biang kerok musibah tenggelamnya #KRINanggala402 adalah kedunguan penyelenggara negara yg gagal mencegah‚Ä¶ https://t.co/HCT697mp4O,salah satu kerok musibah tenggelamnya kedunguan penyelenggara negara gagal mencegah,-1
€ÅŸÖ #ÿπÿßŸÑŸÖ_ÿßÿ≥ŸÑÿßŸÖ€å ŸÖ€å⁄∫ #ÿßŸÜ⁄àŸàŸÜ€åÿ¥€å_ÿ¢ÿ®ÿØŸàÿ≤ ⁄©€í ⁄àŸàÿ®ŸÜ€í ÿßŸàÿ±ÿπŸÖŸÑ€í ⁄©€å ŸÖŸàÿ™ Ÿæÿ± ÿßŸÅÿ≥ÿ±ÿØ€Å €Å€å⁄∫€îÿßŸÜ⁄àŸàŸÜ€åÿ¥ÿß ⁄©€í ÿµÿØÿ± ÿ¨ŸÜÿßÿ® ÿ¨Ÿà⁄©Ÿà Ÿà€åÿØŸàÿØŸà @jokowi‚Ä¶ https://t.co/fjpG5Vpd2e,hm myN khy ddwbny wr mly khy mwt pr fsrdh hyN nddwnysh khy Sdr jnb jwkhw wydwdw,0
Le #MondeMusulman a appris avec tristesse la mort de l‚Äô√©quipage du sous-marin indon√©sien #KRINanggala402 nous pr√©se‚Ä¶ https://t.co/TOgLqOzNUr,le a appris avec tristesse mort de l equipage du sous marin indonesien nous prese,0
"Kami &amp; muslim dunia berduka telah mendengar kabar tenggelamnya #KRINanggala402 &amp; kematian awaknya.
Dengan rasa sedi‚Ä¶ https://t.co/vZHg1AO8t1",amp muslim dunia ka kabar tenggelamnya amp kematian awaknya rasa sedi,-1
"Geger Penampakan Awan Mirip KRI Nanggala 402 di Bali, Ini Faktanya

Baca selengkapnya disini‚Ä¶ https://t.co/vSI6RtSQd9",geger penampakan awan mirip kri nanggala 402 bali faktanya baca selengkapnya,1
#KRINanggala402 https://t.co/9QCECCyC8u,,0
"Barangkali karena terlalu dalam, penampakan dari permukaan cuma bisa dirasakan, semangat pahlawan serta amalan yang‚Ä¶ https://t.co/fCw6hvFK3H",barangkali penampakan permukaan dirasakan semangat semangat amalan,1
#KRINanggala402 https://t.co/LiOgNmDpzJ,,0
Ada yang langsung menghubungkan awan unik itu dengan kapal selam KRI Nanggala 402. #KRINanggala402 https://t.co/4bBeUAKbSv,ada langsung menghubungkan awan unik kapal selam kri nanggala 402,0
Mendengar ini sepemahaman sy satu2nya cara agar tidak terjadi kecelakaan adalah maintenance kasel harus paripurna.‚Ä¶ https://t.co/7QsonnMx6G,sepeman mahasy satu2nya tidak terjadi terjadi kecelakaan maintenance kasel paripurna,0
"@_TNIAL_ Al-Fatihah .. ü§≤ Amiin YRA üôèüá≤üá®
#jalesvevajayamahe 
#tnial 
#IndonesianNavy 
#KRINanggala402",al fatihah amiin yra tangan dilipat,0
"Tentunya pula bagi mereka yang wafat dalam Iman dan Islam, Rasulullah Ô∑∫ telah bersabda dalam hadis Riwayat Muslim 1‚Ä¶ https://t.co/Ywo0WlD9yP",wafat iman islam rasulullah bersabda hadis riwayat muslim 1,0
"Gugurnya 53 pelaut adalah tragedi bagi kita semua, namun tentunya kita berharap masih ada yang bisa selamat walau k‚Ä¶ https://t.co/9a8PTwlJYC",gugurnya 53 pelaut tragedi untuk ada selamat ok,0
"Now, they're watching us from up there . . .
Turut berduka cita yang sedalam-dalamnya kepada seluruh keluarga yang‚Ä¶ https://t.co/txA4Hs6v2k",memerhatikan berduka cita sedalam untuk keluarga turut,1
"Penyebab Lain Tenggelamnya KRI Nanggala-402

Baca selengkapnya disini
https://t.co/VgwVUQzAgS

#News #Tenggelam #KapalSelam #KRINanggala402",penyebab tenggelamnya kri nanggala 402 baca selengkapnya,0
"DPC PDI Perjuangan Garut Bantu Korban Kebakaran di Kecamatan Limbangan dan Bungbulang

#PDIPerjuangan‚Ä¶ https://t.co/5EfiqLl617",dpc pdi perjuangan garut kebakaran korban limbangan bungbulang,-1
"Ya, buat penutup, ane dan emak juga masih berdoa sampai sekarang. Semoga para prajurit diberikan tempat terbaik di‚Ä¶ https://t.co/Zd6d1YlpAE",ya ane emak ada berdoa semoga penutupan prajurit tempat terbaik,1
"https://t.co/NYu8KctFQd
#Pekanbaru #Malaysia #JawaTimur #Indonesia #KRINanggala402",,0
"Poignant words of fallen crew members, families, of #Indonesia's  #KRINanggala402 submarine:
* Petty officer Setyo‚Ä¶ https://t.co/5HKt7mm6H7",Perkataan pedih anggota kru jatuh keluarga pegawai kapal selam petty setyo,1
"PDI Perjuangan Kabupaten Bandung Barat 
Memperingati Malam Nuzulul Qur'an
Malam turunnya ayat Al-Qur‚Äôan adalah mala‚Ä¶ https://t.co/SW7mB31dla",pdi kabupaten perjuangan bandung barat malam memperingati nuzulul qur malam turunnya ayat al qur an mala,1
"HEBOH Ustadz Abdul Somad dan Pengurus Masjid Jogokariyan Galang Dana Beli Kapal Selam, Harganya?‚Ä¶ https://t.co/jbFufmAS9r",heboh ustadz abdul somad pengurus masjid jogokariyan galang dana beli kapal selam harganya,
"Viral  Penampakan Awan Bali Mirip KRI Nanggala-402, Warganet: Sudah Ada di Keabadian! 
#Viral #viralindonesia‚Ä¶ https://t.co/TwqQdk552x",viral penampakan awan bali mirip kri nanggala 402 warganet ada keabadian,1
"Begini Kronologi dan Ilustrasi Tenggelamnya KRI Nanggala-402

#KRINanggala402¬† https://t.co/8vPICP8f8C",Pemula ilustrasi tenggelamnya kri nanggala 402,0
"telah gugur, kita doakan mereka husnul khotimah. Namun tetap harus menjaga akidah kita agar tetap lurus.

Barakalla‚Ä¶ https://t.co/h2sILoRZgR",gugur doakan husnul khotimah tetap menjaga akidah lurus barakalla,1
"READY STOCK ON SHOPEE,TOKOPEDIA AND BUKALAPAK!!!!!

Klik link di bio yaüòâ
‚Ä¢
‚Ä¢
#sweeter #sweter #swetercowok‚Ä¶ https://t.co/RJiHWtylDn",stok siap tokopedia shopee pautan bukalapak klik bio ya winking face,0
"READY STOCK ON SHOPEE,TOKOPEDIA AND BUKALAPAK!!!!!

Klik link di bio yaüòâ
‚Ä¢
‚Ä¢
#sweeter #sweter #swetercowok‚Ä¶ https://t.co/3TSGft2OHC",stok siap tokopedia shopee pautan bukalapak klik bio ya winking face,0
"READY STOCK ON SHOPEE,TOKOPEDIA AND BUKALAPAK!!!!!

Klik link di bio yaüòâ
‚Ä¢
‚Ä¢
#sweeter #sweter #swetercowok‚Ä¶ https://t.co/suaIJKgMnt",stok siap tokopedia shopee pautan bukalapak klik bio ya winking face,0
"READY STOCK ON SHOPEE,TOKOPEDIA AND BUKALAPAK!!!!!

Klik link di bio yaüòâ
‚Ä¢
‚Ä¢
#sweeter #sweter #swetercowok‚Ä¶ https://t.co/uCZlESTnE1",stok siap tokopedia shopee pautan bukalapak klik bio ya winking face,0
"READY STOCK ON SHOPEE,TOKOPEDIA AND BUKALAPAK!!!!!

Klik link di bio yaüòâ
‚Ä¢
‚Ä¢
#sweeter #sweter #swetercowok‚Ä¶ https://t.co/1YJvJJBxqq",stok siap tokopedia shopee pautan bukalapak klik bio ya winking face,0
"READY STOCK ON SHOPEE,TOKOPEDIA AND BUKALAPAK!!!!!

Klik link di bio yaüòâ
‚Ä¢
‚Ä¢
#sweeter #sweter #swetercowok‚Ä¶ https://t.co/phAB96j5Pe",stok siap tokopedia shopee pautan bukalapak klik bio ya winking face,0
"READY STOCK ON SHOPEE,TOKOPEDIA AND BUKALAPAK!!!!!

Klik link di bio yaüòâ
‚Ä¢
‚Ä¢
#sweeter #sweter #swetercowok‚Ä¶ https://t.co/f5Bqo0339i",stok siap tokopedia shopee pautan bukalapak klik bio ya winking face,0
"READY STOCK ON SHOPEE,TOKOPEDIA AND BUKALAPAK!!!!!

Klik link di bio yaüòâ
‚Ä¢
‚Ä¢
#sweeter #sweter #swetercowok‚Ä¶ https://t.co/YflDUFGJu5",stok siap tokopedia shopee pautan bukalapak klik bio ya winking face,0
"READY STOCK ON SHOPEE,TOKOPEDIA AND BUKALAPAK!!!!!

Klik link di bio yaüòâ
‚Ä¢
‚Ä¢
#sweeter #sweter #swetercowok‚Ä¶ https://t.co/S5iTzeIqai",stok siap tokopedia shopee pautan bukalapak klik bio ya winking face,0
"READY STOCK ON SHOPEE,TOKOPEDIA AND BUKALAPAK!!!!!

Klik link di bio yaüòâ
‚Ä¢
‚Ä¢
#sweeter #sweter #swetercowok‚Ä¶ https://t.co/pok4yzgsF1",stok siap tokopedia shopee pautan bukalapak klik bio ya winking face,0
"READY STOCK ON SHOPEE,TOKOPEDIA AND BUKALAPAK!!!!!

Klik link di bio yaüòâ
‚Ä¢
‚Ä¢
#sweeter #sweter #swetercowok‚Ä¶ https://t.co/exwldWfj0t",stok siap tokopedia shopee pautan bukalapak klik bio ya winking face,0
"READY STOCK ON SHOPEE,TOKOPEDIA AND BUKALAPAK!!!!!

Klik link di bio yaüòâ
‚Ä¢
‚Ä¢
#sweeter #sweter #swetercowok‚Ä¶ https://t.co/Ls7EmpPU0Q",stok siap tokopedia shopee pautan bukalapak klik bio ya winking face,0
"READY STOCK ON SHOPEE,TOKOPEDIA AND BUKALAPAK!!!!!

Klik link di bio yaüòâ
‚Ä¢
‚Ä¢
#sweeter #sweter #swetercowok‚Ä¶ https://t.co/uNz4uNcyKl",stok siap tokopedia shopee pautan bukalapak klik bio ya winking face,0
"READY STOCK ON SHOPEE,TOKOPEDIA AND BUKALAPAK!!!!!

Klik link di bio yaüòâ
‚Ä¢
‚Ä¢
#sweeter #sweter #swetercowok‚Ä¶ https://t.co/dOA5bqBhy5",stok siap tokopedia shopee pautan bukalapak klik bio ya winking face,0
"READY STOCK ON SHOPEE,TOKOPEDIA AND BUKALAPAK!!!!!

Klik link di bio yaüòâ
‚Ä¢
‚Ä¢
#sweeter #sweter #swetercowok‚Ä¶ https://t.co/afTBz4ovC4",stok siap tokopedia shopee pautan bukalapak klik bio ya winking face,0
"Siapa yg taruh bawang disini :'), Alfatihah buat prajurit kita üôèüò¢
#KRINanggala402 #KRINaggala402 https://t.co/1xxFVxfnpn",taruh bawang alfatihah prajurit dilipat tangan menangis muka,1
"""Kalau suami kamu sedang bertugas di Kapal Selam anggap saja suami mu ini sudah mati. Berdoa saja semoga suami mu i‚Ä¶ https://t.co/JYsKSKZyOT",suami bertugas kapal selam anggap suami mu mati semoga suami mu i,1
Our deepest condolences to whole Indonesian Nation and the family and friends of 53 submariners who remain on‚Ä¶ https://t.co/QB3nyXlhCw,ucapan takziah negara indonesia keluarga rakan rakan 53 kapal selam hidup,1
KRI Nanggala-402 hilang kontak di perairan utara Bali pada Rabu (21/4) saat kapal selam tersebut sedang latihan pen‚Ä¶ https://t.co/sx2sIKdjCJ,kri nanggala 402 hilang kontak perairan utara bali rabu 21 untuk kapal latihan pen,-1
"Beberapa Orang Komentar Tak Pantas soal Insiden Kapal Selam Nanggala-402, Siapa Saja yang Terciduk?
#KRINaggala402‚Ä¶ https://t.co/upDgHtp2dE",orang komentar tidak tahu mengenai insiden kapal selam nanggala 402 terciduk,0
"Pemerintah Kota Denpasar ikut berbela sungkawa, Turut berduka cita dan penghargaan yg setinggi tingginya atas gugur‚Ä¶ https://t.co/x9aNk37nwC",pemerintah kota denpasar ikut berbela sungkawa berduturut ka penghargaan setinggi tingginya atas gugur,-1
TRENDINGIN JANGAN? #HUKUMMATI #hukummatikoruptor #babi #KRINanggala402 https://t.co/RdLy5OlOh9,trendingin,0
"Selamat Jalan Komandan, kami selalu kenang kebaikan, tutur kata lembut dan cerita2 mu kala itu di Ranai. See u koma‚Ä¶ https://t.co/292xuGS7kj",selamat jalan komandan kenang kebaikan kata lembut cerita2 mu ranai see u koma,0
"[Hoaks atau Fakta]: Tenggelamnya KRI Nanggala-402 akibat ditembak rudal kapal selam Prancis.

#merahputihcom #hoaks‚Ä¶ https://t.co/JFBViijOVf",hoaks fakta tenggelamnya kri nanggala 402 ditembak akibat rudal selam kapal prancis,-1
Awan di atas langit Bali mirip dengan kapal selam dan bikin netizen langsung teringat insiden tenggelamnya KRI Nang‚Ä¶ https://t.co/pi6L01Gilu,awan atas langit bali kapal selam bikin netizen langsung teringat tenggelamnya kri nang,1
"Gelombang bawah air laut mungkin punca kapal selam milik Indonesia, #KRINanggala402 tenggelam.

Pergerakan gelomban‚Ä¶ https://t.co/OIHRc99ZSV",gelombang udara punca kapal selam milik indonesia tenggelam gelomban pergerakan,-1
"Apakah #SahabatDikbud tahu nama senjata lainnya yang ada dalam dunia pewayangan? Yuk, berbagi pengetahuan!‚Ä¶ https://t.co/eKm3hmKiA1",tahu nama senjata ada dunia pewayangan yuk berbagi pengetahuan,0
Tahukah #SahabatDikbud? Lima nama kapal selam @_TNIAL_ berasal dari nama senjata dalam dunia pewayangan. Mari simak‚Ä¶ https://t.co/GLn9jHSCGP,tahukah lima nama selam kapal berasal nama senjata dunia pewayangan mari simak,0
"SHOLAT GAIB UNTUK PRAJURIT NANGGALA 402
&gt;&gt;&gt;
https://t.co/nC6siiCs7X
.
.
#sholatgaib #korban #krinanggala402 #unusa‚Ä¶ https://t.co/kbVk949cHt",sholat gaib untuk prajurit gala nang402 gt gt gt,1
"Daripada Koruptor bebas berkeliaran...
‚Äî
Akan sangat Baik disikat habis Uangnya untuk mengganti hasil Korupnya...‚Ä¶ https://t.co/iVU87CtLNs",koruptor bebas berkeliaran baik disikat habis uangnya untuk mengganti hasil korupnya,0
"TB Hasanuddin Minta KSAL Tanggung Jawab soal KRI Nanggala-402 Tenggelam

Selengkapnya: https://t.co/jtm36MrqNN‚Ä¶ https://t.co/fdGUPZJzuy",tb hasanuddin minta ksal ng jawab kri nanggala 402 tenggelam selengkapnya,0
"A small Tribute to the 53 Brave souls of KRI Nanggala 402 (Submarine curved on Pencil Lead)
#KRINanggala402‚Ä¶ https://t.co/q14T3adUU8",penghormatan 53 jiwa berani kri nanggala 402 kapal selam melengkung plumbum pensil,1
Ketika Kapal Perang Turki Kirimkan Bendera signal Pray For KRI Nanggala ke Kapal Perang Indonesia‚Ä¶ https://t.co/fyuEIoJbo7,Kapal turki perang kirimkan bendera isyarat berdoa untuk kri nanggala kapal indonesia,1
#PrayForKRINaggala402 #Nanggala402 #KRINanggala402 #Prayfornanggala402 #prayforindonesia #viralindonesia,,0
Proses investigasi untuk mencari penyebab tenggelamnya kapal selam KRI Nanggala-402 hingga kini masih terus berlang‚Ä¶ https://t.co/EYkH33ZnaZ,proses penyiasatan untuk mencari gelakapal selam kri nanggala 402 terus berlang,0
"Tiga Pesan UAS Soal Rakyat Galang Donasi Beli Kapal Selam, UAS Juga Ingatkan Asal TNI dari Rakyat‚Ä¶ https://t.co/KSVzShKUqg",tiga pesan uas rakyat soal galang donasi beli kapal selam uas ingatkan asal tni rakyat,0
"Kepolisian Daerah (Polda) Gorontalo menunjukkan empati atas gugurnya 53 personel kapal selam KRI Nanggala-402, deng‚Ä¶ https://t.co/k9TadZ0icz",kepolisian polda gorontalo empati atas gugurnya 53 personel kapal selam kri nanggala 402 denggi,1
"Video Awan Mirip Kapal Selam KRI Nanggala-402 di Langit Bali Viral di Medsos, Ini Pengakuan Perekam‚Ä¶ https://t.co/oAVJtBQaa4",video awan mirip kapal selam kri nanggala 402 langit bali viral medsos pengakuan perekam perekam,1
"Berita terupdate tentang KRI NANGGALA hari ini 
https://t.co/SJROV7pCpv

#earthquake #BeritaIN #berita‚Ä¶ https://t.co/uNaMaRgVXx",berita terupdate kri nanggala hari,0
"In pictures: 
#Indonesian throw flowers and petals with names of the sunken #KRINanggala402  #submarine crew member‚Ä¶ https://t.co/ijbXNb8DwB",gambar melemparkan bunga kelopak nama anggota kru tenggelam,1
Eternal Patrol üôèüèªüáÆüá©  #prayfornanggala #tiktoktrans7 #krinanggala402 #ksatria #indonesia https://t.co/snvHzlvjq4,rondaan kekal dilipat tangan nada kulit ringan,1
KRI Nanggala 402 https://t.co/QCpRfiz5Mv #KRINanggala402 https://t.co/jSL2BwX6Pe,kri nanggala 402,0
"Keliru, KRI Nanggala 402 Tenggelam karena Ranjau Bawah Laut Militer Cina #KRINanggala402 #KRINanggala https://t.co/mUIa2fTZ8w",keliru kri nanggala 402 tenggelam karena ranjau laut militer cina,0
"Video yang memperlihatkan penampakan awan yang menyerupai kapal selam viral di media sosial, Instagram‚Ä¶ https://t.co/6j01KWa4vd",video memperlihatkan penampakan awan menyerupai kapal selam viral media sosial instagram,1
#Terpopuler Indonesia secara resmi memiliki kapal selam pada 1959 silam. Saat itu siapakah yang ditunjuk menjadi ko‚Ä¶ https://t.co/ohfRsAyWVk,indonesia secara resmi memiliki kapal selam 1959 silam ditunjuk menjadi ko,0
"Setelah menyelam 40 tahun, KRI Nanggala-402 kini berstatus On Eternal Patrol atau patroli abadi di perairan Bali. K‚Ä¶ https://t.co/a59KHGwtUt",Setelah 40 tahun kri nanggala 402 berstatus rondaan abadi patroli abadi perairan bali ok,1
"Saat ini, yang bisa kita lakukan hanya memberikan doa terbaik dan mendukung penuh semua usaha TNI AL dalam usaha pe‚Ä¶ https://t.co/H1wBdehfkO",lakukan memberikan doa terbaik menyokong usaha tni al usaha,1
"@_TNIAL_ Semoga ada mukjizat para kru KRI NANGGALA 402 dapat ditemukan dalam keadaan selamat, #KRINaggala402 #KRINanggala402",semoga ada mukjizat kru kri nanggala 402 ditemukan keadaan selamat,1
"https://t.co/beNQ82hFUo

KAOS FREE FIRE FF UNISEX PRIA WANITA

Ready di Shopee, Tokopedia,dan Bukalapak kak,klik li‚Ä¶ https://t.co/05UwWKylou",kaos free fire ff unisex pria wanita ready shopee tokopedia bukalapak kak klik li,0
"https://t.co/beNQ82hFUo

KAOS FREE FIRE FF UNISEX PRIA WANITA

Ready di Shopee, Tokopedia,dan Bukalapak kak,klik li‚Ä¶ https://t.co/dO1yT4AllM",kaos free fire ff unisex pria wanita ready shopee tokopedia bukalapak kak klik li,0
"https://t.co/beNQ82hFUo

KAOS FREE FIRE FF UNISEX PRIA WANITA

Ready di Shopee, Tokopedia,dan Bukalapak kak,klik li‚Ä¶ https://t.co/eAGgXsnSj1",kaos free fire ff unisex pria wanita ready shopee tokopedia bukalapak kak klik li,0
"https://t.co/beNQ82hFUo

KAOS FREE FIRE FF UNISEX PRIA WANITA

Ready di Shopee, Tokopedia,dan Bukalapak kak,klik li‚Ä¶ https://t.co/yg06i5MDPs",kaos free fire ff unisex pria wanita ready shopee tokopedia bukalapak kak klik li,0
"https://t.co/beNQ82hFUo

KAOS FREE FIRE FF UNISEX PRIA WANITA

Ready di Shopee, Tokopedia,dan Bukalapak kak,klik li‚Ä¶ https://t.co/mBHgl6wgbF",kaos free fire ff unisex pria wanita ready shopee tokopedia bukalapak kak klik li,0
"https://t.co/beNQ82hFUo

KAOS FREE FIRE FF UNISEX PRIA WANITA

Ready di Shopee, Tokopedia,dan Bukalapak kak,klik li‚Ä¶ https://t.co/ekVvcY3Ssp",kaos free fire ff unisex pria wanita ready shopee tokopedia bukalapak kak klik li,0
Selain berkoordinasi dengan Badan Internasional Penyelamatan Bawah Laut Ismerlo evakuasi dari kedalaman 838 meter d‚Ä¶ https://t.co/b14Rt0tLWS,berkoordinasi badan penyelamatan internasional bawah laut ismerlo evakuasi kedalaman 838 meter d,1
"https://t.co/PcAL80WAzC
#MataNajwa #TabahSampaiAkhir #KRINanggala402 #KRINanggala402",,0
Tragedi #KRINanggala402. Terlalu mahal harga nyawa anggota TNI kita. Jangan sampai terulang kembali. Dukung penuh u‚Ä¶ https://t.co/cYtUrwMbqU,tragedi mahal harga nyawa tni terulang kembali dukung penuh u,1
"Kepala Staf Angkatan Laut Laksamana TNI Yudo Margono, S.E.,MM., mengunjungi keluarga salah satu perwira yang gugur‚Ä¶ https://t.co/ykQKBk2nDG",staf kepala angkatan laut laksamana tni yudo margono s e mm salah satu keluarga mengunjungi perwira gugur,1
"KRI Nanggala-402 Tenggelam Diduga karena Faktor Alam, Ini Penjelasan Asrena KSAL 

#KRINanggala402 https://t.co/a9AX0JEzOf",kri nanggala 402 tenggelam diduga faktor alam penjelasan asrena ksal,1
#ICYMI #KRINanggala402 https://t.co/WinN4XaQVj,,0
"Tragedi #KRINanggala402. Anggota Komisi VI DPR RI, Amin Ak @Aminakram_  menyerukan untuk menunda pembangunan Ibu Ko‚Ä¶ https://t.co/Uf7tgGgxCk",tragedi anggota komisi vi dpr ri amin menyerukan untuk menunda pembangunan ibu ko,0
"Dalam gelap &amp; hening, bersemayam di palung terdalam dengan penuh kedamaian.
#OnEternalPatrol
#KRINanggala402",Dalam amp hening bersemayam palung terdalam penuh kedamaian,1
KRI Nanggala-402 diduga kuat karam akibat terseret aras bawah laut yang kuat. Hal ini diperkuat oleh hasil pantauan‚Ä¶ https://t.co/SAUVvOoDX3,kri nanggala 402 diduga karam kuat akibat terseret laut bawah kuat diperkuat hasil pantauan,-1
"#SahabatPMK, pada 25 April 2021 Menko PMK @muhadjir_ef  melakukan kunjungan di Kota Surabaya dalam rangka memberika‚Ä¶ https://t.co/NzDVUSSxI5",25 25 April 2021 menko pmk melakukan kunjungan kota surabaya rangka memberika,0
"‚ÄúEven though I‚Äôm not ready to be missing you, I‚Äôm not ready to live without you. I wish all the best for you.‚Äù

Thi‚Ä¶ https://t.co/nZ0KcuhhQ9",tidak bersedia untuk kehilangan tidak bersedia untuk hidup berharap terbaik untuk,-1
"So Long great Sailor
üôèüôèüôè

#jalesvevajayamahe
#wiraanantarudira 
#KRINanggala402 https://t.co/lOXY5XWzsM",tangan berlayar dilipat tangan dilipat,1
"#wiraanantarudira 
#KRINanggala402 

On Eternal Patrol https://t.co/2wQHlxf1XH",rondaan abadi,1
On Eternal Patrol #KRINaggala402 #KRINanggala402 #inalillahi #RestInPeace Selamat Hari Puisi Nasional https://t.co/Lt7gwmsiKV,on eternal patrol selamat hari puisi nasional,1
Warga Bali gempar oleh penampakan awan mirip KRI Nanggala-402. Awan mirip kapal selam TNI AL yang tenggelam itu ter‚Ä¶ https://t.co/KkukN0sYNs,warga bali gempar penampakan mirip awan kri nanggala 402 awan mirip kapal selam tni al tenggelam ter,1
"Pengalaman Merinding Blackout di Kapal Selam Nanggala 402, Merangkak di Demi Jaga Keseimbangan‚Ä¶ https://t.co/TwRyBJVjIm",pengalaman merinding pemadaman kapal selam nanggala 402 merangkak jaga keseimbangan,0
"Deeply saddened, remembering the soldiers who have fallen for their country recently. 
In the depth of Bali sea bed‚Ä¶ https://t.co/t9oA0cOlT3",sedih mengingati tentera jatuh cinta negara baru baru kedalaman dasar laut bali,-1
Jazir dan anak-anak Masjid juga telah melakukan aksi penggalangan dana. Mereka berhasil mendapatkan kurang lebih Rp‚Ä¶ https://t.co/bQCh4pxuiy,jazir anak anak anak melakukan aksi aksi penggalangan dana untuk mendapatkan kurang rp,1
"Turut berduka cita atas musibah yang menimpa Nanggala 402

#krinanggala402 #OnEternalPatrol https://t.co/BuOIBpinVZ",turut berduka cita atas musibah menimpa nanggala 402,0
"Ustaz Abdul Somad atau UAS mengajak warga untuk patungan membeli kapal selam.
#krinanggala402‚Ä¶ https://t.co/pNAMXJpWx6",ustaz abdul somad mengajak uas warga untuk membeli patungan kapal selam,0
KRI nanggala 402 how rescue submarine #krinanggala402 https://t.co/VuF84VMqYT,kri nanggala 402 kapal selam penyelamat,0
"out of curiousity, here's my take on the poignant farewell sung by the Nanggala-402 sailors, before its eternal dep‚Ä¶ https://t.co/xItgerKeAr",tahu mengambil perpisahan pedih dinyanyikan pelaut nanggala 402 depannya kekal,-1
