Raw,CD-Malaya,CD-RE
#MakeSchoolASaferPlace,<hashtag> makeschoolasaferplace </hashtag>,
The most handsome man in the world is Michael Ballack. Nigeria will be great again without terrorists.â€¦ https://t.co/1kjLGS9MsS,yang paling kacak lelaki masuk yang dunia adalah michael ballack . nigeria akan jadi hebat sekali lagi tanpa terrorists . â€¦ <url>,the most handsome man in the world is michael ballack nigeria will be great again without terrorists 
#MakeSchoolASaferPlace,<hashtag> makeschoolasaferplace </hashtag>,
"Tn Hj Zainal tak pernah mengecewakan.
#MakeSchoolASaferPlace",tn hj zainal tidak pernah mengecewakan . <hashtag> makeschoolasaferplace </hashtag>,tn hj zainal tak pernah mengecewakan 
Brave girl. Not all people have the audacity to stand up and spoke out loud the truth. i stand with you gurl. We'reâ€¦ https://t.co/Vsx8O8CoBV,berani gadis . tidak semua orang ada yang audacity kepada berdiri naik dan bercakap keluar kuat yang kebenaran . saya berdiri dengan awak gurl . kami adalah â€¦ <url>,brave girl not all people have the audacity to stand up and spoke out loud the truth i stand with you gurl we re 
Also apa tindakan dari menteri utk pastikan #MakeSchoolASaferPlace ini become reality. Takkan nak suruh adik ain tuâ€¦ https://t.co/4LDokmoMBQ,juga apa tindakan dari menteri untuk pastikan <hashtag> makeschoolasaferplace </hashtag> ini menjadi realiti . tak akan nak suruh adik ain itu â€¦ <url>,also apa tindakan dari menteri utk pastikan ini become reality takkan nak suruh adik ain tu 
"@ant33ater He's talking about you from 10:00 to 15:00

#MakeSchoolASaferPlace 

https://t.co/1GPzN7QMx6",<user> dia ' s bercakap kira-kira awak dari <time> kepada <time> <hashtag> makeschoolasaferplace </hashtag> <url>, he s talking about you from to 
All of yall are so silent about it #JusticeforGanapathy  #MakeSchoolASaferPlace,semua daripada yall adalah jadi silent kira-kira ia <hashtag> justiceforganapathy </hashtag> <hashtag> makeschoolasaferplace </hashtag>,all of yall are so silent about it 
"#MakeSchoolASaferPlace kini semakin trending.
Setelah bertahun meninggalkan zaman sekolah, saya pun kurang ingat paâ€¦ https://t.co/05AWtZguJc","<hashtag> makeschoolasaferplace </hashtag> kini semakin trending . setelah bertahun meninggalkan zaman sekolah , saya pun kurang ingat pa â€¦ <url>", kini semakin trending setelah bertahun meninggalkan zaman sekolah saya pun kurang ingat pa 
PREACH IT DAZAI #MakeSchoolASaferPlace https://t.co/LoiGNVDbbi,<allcaps> berkhotbah ia dazai </allcaps> <hashtag> makeschoolasaferplace </hashtag> <url>,preach it dazai 
I believe in @ant33ater .. i pon pernah jadi student and bila cikgu lelaki buat lawak lucah all the boys dalam clasâ€¦ https://t.co/dbWmLdxX09,saya percaya masuk <user> . <repeated> saya pun pernah jadi pelajar dan bila cikgu lelaki buat lawak lucah semua yang boys dalam clas â€¦ <url>,i believe in i pon pernah jadi student and bila cikgu lelaki buat lawak lucah all the boys dalam clas 
"How terrifying it is to think that these enablers life among us. Bayangkan, kau perempuan and abah kau abang kau adâ€¦ https://t.co/evcKd21P0l","bagaimana menakutkan ia adalah kepada berfikir itu ini enablers kehidupan antara kami . bayangkan , kamu perempuan dan abah kamu abang kamu iklan â€¦ <url>",how terrifying it is to think that these enablers life among us bayangkan kau perempuan and abah kau abang kau ad 
Dah agak ğŸ˜’ğŸ˜–ğŸ˜­ #MakeSchoolASaferPlace #MakeSchoolsASaferPlace https://t.co/2eFiG0Sv7G,dah agak ğŸ˜’ ğŸ˜– ğŸ˜­ <hashtag> makeschoolasaferplace </hashtag> <hashtag> makeschoolsasaferplace </hashtag> <url>,dah agak 
"#MakeSchoolASaferPlace People Who Joke About Rape, Sexual Harassment &amp; Fucking Period Peepers bole pergi mampos!!!","<hashtag> makeschoolasaferplace </hashtag> orang yang joke kira-kira rogol , seksual gangguan dan fucking tempoh peepers boleh pergi mampus ! <repeated>", people who joke about rape sexual harassment amp fucking period peepers bole pergi mampos 
#MakeSchoolASaferPlace,<hashtag> makeschoolasaferplace </hashtag>,
Middle school vice principal hurls beer at trans woman at restaurant as his wife shouts slursâ€¦ https://t.co/ougSKdadSs,middle sekolah vice pengetua hurls bir pada trans wanita pada restoran sebagai dia isteri shouts slurs â€¦ <url>,middle school vice principal hurls beer at trans woman at restaurant as his wife shouts slurs 
"#MakeSchoolASaferPlace
#MakeSchoolASaferPlace 
this # not only aimed to the women, but also to the guys out there.â€¦ https://t.co/ZRuDaboZAi","<hashtag> makeschoolasaferplace </hashtag> <hashtag> makeschoolasaferplace </hashtag> this # tidak sahaja aimed kepada yang women , tetapi juga kepada yang guys keluar di sana . â€¦ <url>", this not only aimed to the women but also to the guys out there 
Itâ€™s really troubling when schools are not a safe place especially for little girls. And whatâ€™s worse is that thereâ€¦ https://t.co/2b6PHetHSU,ia ' s benar-benar mengganggu bila schools adalah tidak a selamat tempat terutamanya untuk sedikit girls . dan apa ' s worse adalah itu di sana â€¦ <url>,it s really troubling when schools are not a safe place especially for little girls and what s worse is that there 
"cikgu paling takde maruah! 

#MakeSchoolASaferPlace https://t.co/goN1o7WZhJ",cikgu paling tak ada maruah ! <hashtag> makeschoolasaferplace </hashtag> <url>,cikgu paling takde maruah 
"Jijiknya perangai sorang2 ya Allah. Dunia sekarang sumpah scary ğŸ˜­ğŸ˜­ğŸ˜­ğŸ˜­ğŸ˜­ğŸ˜­ğŸ˜­ 

Sebab orang macamni lah budak2 takut nakâ€¦ https://t.co/AMoxtOzDEg",jijiknya perangai sorang2 ya allah . dunia sekarang sumpah menakutkan ğŸ˜­ ğŸ˜­ ğŸ˜­ ğŸ˜­ ğŸ˜­ ğŸ˜­ ğŸ˜­ sebab orang macamni lah budak2 takut nak â€¦ <url>,jijiknya perangai sorang ya allah dunia sekarang sumpah scary sebab orang macamni lah budak takut nak 
Found this on tiktok and yeah our community is sick. #MakeSchoolASaferPlace https://t.co/Qed2A4ix6W,dijumpai this pada tiktok dan Yeah kami community adalah sakit . <hashtag> makeschoolasaferplace </hashtag> <url>,found this on tiktok and yeah our community is sick 
#MakeSchoolASaferPlace ğŸ’ª https://t.co/Xp69Hey2WH,<hashtag> makeschoolasaferplace </hashtag> ğŸ’ª <url>, 
this is so messed up i'm about to start crying myself #MakeSchoolASaferPlace https://t.co/p7gpzBVfw0,this adalah jadi messed naik saya am kira-kira kepada mula menangis saya sendiri <hashtag> makeschoolasaferplace </hashtag> <url>,this is so messed up i m about to start crying myself 
Tenat dah masyarakat skrg. Memang dah hilang rasa malu. Semuanya melayu islam pulak tu yg komen mcm tu. Aku harap aâ€¦ https://t.co/AGF0qtFtAJ,tenat dah masyarakat sekarang . memang dah hilang rasa malu . semuanya melayu islam pula itu yang komen macam itu . aku harap a â€¦ <url>,tenat dah masyarakat skrg memang dah hilang rasa malu semuanya melayu islam pulak tu yg komen mcm tu aku harap a 
"Dik, thank u for being brave. We know its not easy for u to speak up. But me myself as an adult will always have yoâ€¦ https://t.co/zuH1FIWPkx","dik , terima kasih u untuk menjadi berani . kami tahu nya tidak easy untuk u kepada bercakap naik . tetapi saya saya sendiri sebagai an dewasa akan sentiasa ada yo â€¦ <url>",dik thank u for being brave we know its not easy for u to speak up but me myself as an adult will always have yo 
"#MakeSchoolASaferPlace #makeschoolasafeplace 

Bagus ye perangai seorang cikgu, melibas muka anak murid dgn sejadahâ€¦ https://t.co/78gYHBWTAu","<hashtag> makeschoolasaferplace </hashtag> <hashtag> makeschoolasafeplace </hashtag> bagus ya perangai seorang cikgu , melibas muka anak murid dengan sejadah â€¦ <url>", bagus ye perangai seorang cikgu melibas muka anak murid dgn sejadah 
#MakeSchoolASaferPlace #r4p3isnotajoke https://t.co/zgf6xQukuP,<hashtag> makeschoolasaferplace </hashtag> <hashtag> r4p3isnotajoke </hashtag> <url>, 
"its not all men but its enough men 

#MakeSchoolASaferPlace",nya tidak semua lelaki tetapi nya cukup lelaki <hashtag> makeschoolasaferplace </hashtag>,its not all men but its enough men 
"Attention to all teachers with a degree holder, your education is way beyond than ours but the way you talked in aâ€¦ https://t.co/IUc70Zgcz7","perhatian kepada semua teachers dengan a ijazah pemegang , awak pendidikan adalah cara di luar tahan kepunyaan kami tetapi yang cara awak talked masuk a â€¦ <url>",attention to all teachers with a degree holder your education is way beyond than ours but the way you talked in a 
#MakeSchoolASaferPlace,<hashtag> makeschoolasaferplace </hashtag>,
We need both #MakeSchoolASaferPlace #MakeMalaysiaASaferPlace,kami keperluan kedua-duanya <hashtag> makeschoolasaferplace </hashtag> <hashtag> makemalaysiaasaferplace </hashtag>,we need both 
@wajdi_budiman #MakeSchoolASaferPlace #KerajaaanGagal,<user> <hashtag> makeschoolasaferplace </hashtag> <hashtag> kerajaangagal <elongated> </hashtag>, 
...... who can protect our young generation now? #MakeSchoolASaferPlace https://t.co/Ag3JiQ4Pv6,. <repeated> yang boleh melindungi kami young generasi now ? <hashtag> makeschoolasaferplace </hashtag> <url>, who can protect our young generation now 
"What if you realised one of those men were your dad, brother, cousin or uncles, your GRANDPA? To know someone youreâ€¦ https://t.co/HHY8aWRkZl","apa jika awak realised satu daripada itu lelaki adalah awak ayah , saudara lelaki , sepupu atau uncles , awak <allcaps> datuk </allcaps> ? kepada tahu seseorang youre â€¦ <url>",what if you realised one of those men were your dad brother cousin or uncles your grandpa to know someone youre 
I have so much respect for her!! #MakeSchoolASaferPlace https://t.co/GqwzWpw85V,saya ada jadi banyak hormat untuk dia ! <repeated> <hashtag> makeschoolasaferplace </hashtag> <url>,i have so much respect for her 
"How disgusting ya those comments
#MakeSchoolASaferPlace",bagaimana menjijikkan ya itu comments <hashtag> makeschoolasaferplace </hashtag>,how disgusting ya those comments
#MakeSchoolASaferPlace,<hashtag> makeschoolasaferplace </hashtag>,
"Bookmark

#MakeSchoolASaferPlace",penanda buku <hashtag> makeschoolasaferplace </hashtag>,bookmark
"Tell us your story. Voice out. We hear you and we we're here to protect you. #MakeSchoolASaferPlace 

Also thank yoâ€¦ https://t.co/Ln4ArF3ejd",beritahu kami awak cerita . voice keluar . kami dengar awak dan kami kami adalah di sini kepada melindungi awak . <hashtag> makeschoolasaferplace </hashtag> juga terima kasih yo â€¦ <url>,tell us your story voice out we hear you and we we re here to protect you also thank yo 
Kalau dekat sekolah pun cikguÂ² buat sex jokes macam tu thats mean sekolah dah tak selamat untuk student. Ain. My reâ€¦ https://t.co/kybTK7y9GA,kalau dekat sekolah pun cikguÂ² buat seks jokes macam itu itu mean sekolah dah tidak selamat untuk pelajar . ain . saya semula â€¦ <url>,kalau dekat sekolah pun cikguÂ² buat sex jokes macam tu thats mean sekolah dah tak selamat untuk student ain my re 
and please spread this! if you want to know whatâ€™s going on hereâ€™s a thread that will help and explain everythingâ€¦ https://t.co/acycSrhCtg,dan tolong tersebar this ! jika awak mahu kepada tahu apa ' s pergi pada di sini ' s a benang itu akan membantu dan terangkan semua â€¦ <url>,and please spread this if you want to know what s going on here s a thread that will help and explain everything 
Fuck it might fuck around and make an excel spreadsheet to list all the emails of government MPs and pembangkang MPâ€¦ https://t.co/7xDTJew43X,fuck ia mungkin fuck sekitar dan memakai an cemerlang spreadsheet kepada list semua yang emails daripada kerajaan mps dan pembangkang mp â€¦ <url>,fuck it might fuck around and make an excel spreadsheet to list all the emails of government mps and pembangkang mp 
#MakeSchoolASaferPlace,<hashtag> makeschoolasaferplace </hashtag>,
"tw // sexual assault , rape 

hi oomfs it would be great if you can sign this petition tysm! 

Malaysian governmentâ€¦ https://t.co/ZI5pzfc1G5","tahu / / seksual serangan , rogol hi oomfs ia akan jadi hebat jika awak boleh tanda this petisyen tysm ! malaysian kerajaan â€¦ <url>",tw sexual assault rape hi oomfs it would be great if you can sign this petition tysm malaysian government 
"@ant33ater Kesemua kes, mangsa menutup aurat &amp; berhijap.

Hentikan normalisasi lawak lucah. 
#MakeSchoolASaferPlace","<user> kesemua kes , mangsa menutup aurat dan berhijab . hentikan normalisasi lawak lucah . <hashtag> makeschoolasaferplace </hashtag>", kesemua kes mangsa menutup aurat amp berhijap hentikan normalisasi lawak lucah 
#MakeSchoolASaferPlace https://t.co/wucCIR94HT,<hashtag> makeschoolasaferplace </hashtag> <url>, 
Malaysian government : Force Malaysian Schools to protect girls from rape and sexual assault - Sign the Petition!â€¦ https://t.co/DuXzNJstrP,malaysian kerajaan : memaksa malaysian schools kepada melindungi girls dari rogol dan seksual serangan - tanda yang petisyen ! â€¦ <url>,malaysian government force malaysian schools to protect girls from rape and sexual assault sign the petition 
#MakeSchoolASaferPlace Malaysian government : Force Malaysian Schools to protect girls from rape and sexual assaultâ€¦ https://t.co/wEL1S0zq95,<hashtag> makeschoolasaferplace </hashtag> malaysian kerajaan : memaksa malaysian schools kepada melindungi girls dari rogol dan seksual serangan â€¦ <url>, malaysian government force malaysian schools to protect girls from rape and sexual assault 
stop twisting my statement to rationalize your hate towards men. these men were once boys who were victims to thisâ€¦ https://t.co/J6SslMCFpC,berhenti berpusing saya pernyataan kepada merasionalisasi awak benci ke arah lelaki . ini lelaki adalah once boys yang adalah victims kepada this â€¦ <url>,stop twisting my statement to rationalize your hate towards men these men were once boys who were victims to this 
posted this in my igs and here too.  #MakeSchoolASaferPlace https://t.co/G0ScyKonkH,dipaparkan this masuk saya igs dan di sini too . <hashtag> makeschoolasaferplace </hashtag> <url>,posted this in my igs and here too 
"mf will say they dont believe ainâ€™s @ant33ater tiktok video, but will believe that garlic is the cure to COVID19. lâ€¦ https://t.co/iyXwMVZX18","mf akan sayang they jangan percaya ain ' s <user> tiktok video , tetapi akan percaya itu garlic adalah yang cure kepada covid19 . l â€¦ <url>",mf will say they dont believe ain s tiktok video but will believe that garlic is the cure to covid l 
"You guys hati2 tau risau la min kadang2 lagi-lagi Yang perempuan tu...

#MakeSchoolASaferPlace",awak guys hati2 tahu risau lah admin kadang2 lagi-lagi yang perempuan itu . <repeated> <hashtag> makeschoolasaferplace </hashtag>,you guys hati tau risau la min kadang lagi lagi yang perempuan tu 
"This Ain is so brave !! 
#MakeSchoolASaferPlace",this ain adalah jadi berani ! <repeated> <hashtag> makeschoolasaferplace </hashtag>,this ain is so brave 
"#MakeSchoolASaferPlace 

Credit to Dr Amalina https://t.co/MVaUqWpUjT",<hashtag> makeschoolasaferplace </hashtag> kredit kepada dr amalina <url>, credit to dr amalina 
they called themselves educators???? i cant believe my eyes that such educators wrote all those disgusting commentsâ€¦ https://t.co/lGrKGvrP2I,they called diri sendiri educators ? <repeated> saya tak boleh percaya saya eyes itu seperti itu educators wrote semua itu menjijikkan comments â€¦ <url>,they called themselves educators i cant believe my eyes that such educators wrote all those disgusting comments 
"Sign for the petition girls! ğŸ¤

Malaysian government : Force Malaysian Schools to protect girls from rape and sexuaâ€¦ https://t.co/voXa90HJOp",tanda untuk yang petisyen girls ! ğŸ¤ malaysian kerajaan : memaksa malaysian schools kepada melindungi girls dari rogol dan sexua â€¦ <url>,sign for the petition girls malaysian government force malaysian schools to protect girls from rape and sexua 
As a someone whose been a victim before on sexual harassment and assault. I could really understand adik ainâ€™s situâ€¦ https://t.co/v3NZmXI4jO,sebagai a seseorang yang telah a mangsa before pada seksual gangguan dan serangan . saya boleh benar-benar faham adik ain ' s situ â€¦ <url>,as a someone whose been a victim before on sexual harassment and assault i could really understand adik ain s situ 
teachers group? fr? see how its very fucked up now? #MakeSchoolASaferPlace https://t.co/wk5Z3S6LzC,teachers kumpulan ? fr ? sih bagaimana nya sangat fucked naik now ? <hashtag> makeschoolasaferplace </hashtag> <url>,teachers group fr see how its very fucked up now 
"https://t.co/TenLfyZjbZ 

#MakeSchoolASaferPlace âœŠğŸ»",<url> <hashtag> makeschoolasaferplace </hashtag> âœŠ ğŸ», 
We stand with you ain.. Fight till the end.. Don't stop.. #MakeSchoolASaferPlace https://t.co/RCADoTcVeZ,kami berdiri dengan awak ain . <repeated> melawan sehingga yang akhir . <repeated> do tidak berhenti . <repeated> <hashtag> makeschoolasaferplace </hashtag> <url>,we stand with you ain fight till the end don t stop 
"|ï¿£ï¿£ï¿£ï¿£ï¿£ï¿£ï¿£ï¿£ï¿£ï¿£ï¿£ï¿£ï¿£|
    #MakeSchoolASaferPlace
|____ï¼¿ï¼¿ï¼¿ï¼¿ï¼¿ï¼¿ï¼¿ï¼¿ï¼¿ï¼¿ï¼¿|
                    \(â€¢ï¸µâ€¢) / 
                      \â€¦ https://t.co/YGPo8SuIbo",| Ì„ Ì„ Ì„ Ì„ Ì„ Ì„ Ì„ Ì„ Ì„ Ì„ Ì„ Ì„ Ì„ | <hashtag> makeschoolasaferplace </hashtag> | _______________ | \(â€¢ï¸µâ€¢) / \ â€¦ <url>, ____ 
Who would have thought that a pop song written almost a decade ago to celebrate female empowerment can also boost tâ€¦ https://t.co/rkt3W1YAI6,yang akan ada berfikir itu a pop lagu bertulis hampir a dekad ago kepada celebrate perempuan pemberdayaan boleh juga galakan t â€¦ <url>,who would have thought that a pop song written almost a decade ago to celebrate female empowerment can also boost t 
Disgusting ğŸ¤¢ #MakeSchoolASaferPlace https://t.co/SK3SfXrGp0,menjijikkan ğŸ¤¢ <hashtag> makeschoolasaferplace </hashtag> <url>,disgusting 
"That is inappropriate whenever, wherever and with whoever. So glad she has an amazing support system in her parentsâ€¦ https://t.co/Rn04nAFeLr","itu adalah tidak sesuai setiap kali , di mana sahaja dan dengan siapa sahaja . jadi glad she has an menakjubkan sokongan sistem masuk dia parents â€¦ <url>",that is inappropriate whenever wherever and with whoever so glad she has an amazing support system in her parents 
My husben is a teacher &amp; he agrees that some teachers are pervert. Plus dulu pernah kene tp tak berani nak speak upâ€¦ https://t.co/uXuvKymbn2,saya husben adalah a guru dan dia agrees itu sesetengah teachers adalah pervert . tambahnya dahulu pernah kena tapi tidak berani nak bercakap naik â€¦ <url>,my husben is a teacher amp he agrees that some teachers are pervert plus dulu pernah kene tp tak berani nak speak up 
"#MakeSchoolASaferPlace
I dont actually care abt this tag im just here to show you guys my lovely cute waifu, ichikaâ€¦ https://t.co/DG9wVoEQsq","<hashtag> makeschoolasaferplace </hashtag> saya jangan sebenarnya jaga abt this tag im hanya di sini kepada tunjukkan awak guys saya indah comel waifu , ichika â€¦ <url>",i dont actually care abt this tag im just here to show you guys my lovely cute waifu ichika 
@tonyeusoff Betul tu dato'.. Saya sokong !! #MakeSchoolASaferPlace,<user> betul itu dato ' . <repeated> saya sokong ! <repeated> <hashtag> makeschoolasaferplace </hashtag>, betul tu dato saya sokong 
#MakeSchoolASaferPlace https://t.co/FGW6ZlYPus,<hashtag> makeschoolasaferplace </hashtag> <url>, 
#MakeSchoolASaferPlace ğŸ’ªğŸ’ªğŸ»ğŸ’ªğŸ¼ğŸ’ªğŸ½ğŸ’ªğŸ¾ğŸ’ªğŸ¿ https://t.co/thIXer3xJn,<hashtag> makeschoolasaferplace </hashtag> ğŸ’ª ğŸ’ª ğŸ» ğŸ’ª ğŸ¼ ğŸ’ª ğŸ½ ğŸ’ª ğŸ¾ ğŸ’ª ğŸ¿ <url>, 
"eii geram betul budak kelas dia ni, kalau aku jumpe, aku cepuk, org nk tolong dia, alih2 tikam belakang, nk sgt jadâ€¦ https://t.co/dsUngNUh4v","eii geram betul budak kelas dia ini , kalau aku jumpe , aku cepuk , orang nak tolong dia , alih2 tikam belakang , nak sangat jad â€¦ <url>",eii geram betul budak kelas dia ni kalau aku jumpe aku cepuk org nk tolong dia alih tikam belakang nk sgt jad 
"Educate to eradicate. ğŸ‘Š Denormalise rap3 culture.

Standing in solidarity with @ant33ater  

#MakeSchoolASaferPlaceâ€¦ https://t.co/YGeAuTYoNS",mendidik kepada eradicate . ğŸ‘Š denormalise rap3 budaya . berdiri masuk solidarity dengan <user> <hashtag> makeschoolasaferplace </hashtag> â€¦ <url>,educate to eradicate denormalise rap culture standing in solidarity with 
Omg you are so brave young girl. Reading those extreme comments make me feel ashamed of being muslim and malay.â€¦ https://t.co/FgQAtTradj,omg awak adalah jadi berani young gadis . membaca itu melampau comments memakai saya rasa malu daripada menjadi muslim dan malay . â€¦ <url>,omg you are so brave young girl reading those extreme comments make me feel ashamed of being muslim and malay 
"RIP segelintir pendidik di Malaysia
#MakeSchoolASaferPlace 
#reformeducationalsystem",<allcaps> rip </allcaps> segelintir pendidik di malaysia <hashtag> makeschoolasaferplace </hashtag> <hashtag> reformeducationalsystem </hashtag>,rip segelintir pendidik di malaysia 
#MakeSchoolASaferPlace,<hashtag> makeschoolasaferplace </hashtag>,
they literally 17 y/o and I donâ€™t think they get the proper exposure about r4pe jokes dan seumpamanya until it consâ€¦ https://t.co/WnFqMCZMj4,they secara literal <number> y / o dan saya do tidak berfikir they dapatkan yang betul pendedahan kira-kira r4pe jokes dan seumpamanya sehingga ia cons â€¦ <url>,they literally y o and i don t think they get the proper exposure about rpe jokes dan seumpamanya until it cons 
Aku tak fhm betul la org2 kt fb. Kenapa korang perlu nk tngok pakaian budak tu? Kenapa nk ckp2 pasal breast dia besâ€¦ https://t.co/uXdIVQBIN2,aku tidak fhm betul lah orang-orang kat facebook . kenapa kamu semua perlu nak tengok pakaian budak itu ? kenapa nak ckp2 pasal breast dia bes â€¦ <url>,aku tak fhm betul la org kt fb kenapa korang perlu nk tngok pakaian budak tu kenapa nk ckp pasal breast dia bes 
#MakeSchoolASaferPlace,<hashtag> makeschoolasaferplace </hashtag>,
"No i will never shut up about this matter , say what u want but atleast I'm not a pussy enough to keep my damn moutâ€¦ https://t.co/JuacktvLJA","tidak saya akan never tutup naik kira-kira this perkara , sayang apa u mahu tetapi sekurang - kurangnya saya am tidak a pussy cukup kepada teruskan saya sialan mout â€¦ <url>",no i will never shut up about this matter say what u want but atleast i m not a pussy enough to keep my damn mout 
Based on what's happening right now in Malaysia (#MakeSchoolASaferPlace ) I'm ashamed to acknowledge the stupidityâ€¦ https://t.co/SbceZYcv6L,berasaskan pada apa ' s happening right now masuk malaysia ( <hashtag> makeschoolasaferplace </hashtag> ) saya am malu kepada mengakui yang kebodohan â€¦ <url>,based on what s happening right now in malaysia i m ashamed to acknowledge the stupidity 
Malaysian government : Force Malaysian Schools to protect girls from rape and sexual assault - Sign the Petition!â€¦ https://t.co/aENZVFDhdh,malaysian kerajaan : memaksa malaysian schools kepada melindungi girls dari rogol dan seksual serangan - tanda yang petisyen ! â€¦ <url>,malaysian government force malaysian schools to protect girls from rape and sexual assault sign the petition 
#MakeSchoolASaferPlace https://t.co/sOYt8okRtB,<hashtag> makeschoolasaferplace </hashtag> <url>, 
Tengok dekat post satu ni about this issue and adults yang bukan melayu leaves really good response but tengok lahâ€¦ https://t.co/vWAGpoJII3,tengok dekat jawatan satu ini kira-kira this isu dan adults yang bukan melayu daun benar-benar baik tindak balas tetapi tengok lah â€¦ <url>,tengok dekat post satu ni about this issue and adults yang bukan melayu leaves really good response but tengok lah 
if you want to know whatâ€™s going on in msia u can look through the hashtag #MakeSchoolASaferPlace and also this tweâ€¦ https://t.co/2d7iBMVzzc,jika awak mahu kepada tahu apa ' s pergi pada masuk malaysia u boleh lihat melalui yang hashtag <hashtag> makeschoolasaferplace </hashtag> dan juga this twe â€¦ <url>,if you want to know what s going on in msia u can look through the hashtag and also this twe 
Some ppl be preaching amar maaruf nahi mungkar but bats an eye when r*pe joke/culture is being normalized in schoolâ€¦ https://t.co/0nganlN6MG,sesetengah ppl jadi berkhotbah amar maaruf nahi mungkar tetapi kelawar an mata bila r*pe <censored> joke / budaya adalah menjadi normalized masuk sekolah â€¦ <url>,some ppl be preaching amar maaruf nahi mungkar but bats an eye when r pe joke culture is being normalized in school 
"howbeit, #MakeSchoolASaferPlace

so that people don't lose friends anymore like I was. https://t.co/9ksw6CsvYl","howbeit , <hashtag> makeschoolasaferplace </hashtag> jadi itu orang do tidak kehilangan friends anymore seperti saya adalah . <url>",howbeit so that people don t lose friends anymore like i was 
"I never saw a nigga fighting for a relationship .............. itâ€™s always a female 

#Blueface #CrimesAgainstWomenâ€¦ https://t.co/QGzqnArvCB",saya never melihat a nigga berjuang untuk a relationship . <repeated> ia ' s sentiasa a perempuan <hashtag> blueface </hashtag> <hashtag> crimesagainstwomen </hashtag> â€¦ <url>,i never saw a nigga fighting for a relationship it s always a female 
"Sakit dunia kita sekarang.
Yang bergelar pendidik serupa tak cukup terdidik. Memang tak ramai tapi ada. 
Si anak hiâ€¦ https://t.co/2cwKE50F9x",sakit dunia kita sekarang . yang bergelar pendidik serupa tidak cukup terdidik . memang tidak ramai tetapi ada . si anak hi â€¦ <url>,sakit dunia kita sekarang yang bergelar pendidik serupa tak cukup terdidik memang tak ramai tapi ada si anak hi 
"â€œThere needs to be continuous training for teachers to help them deal w issues like mental health, corporal punishmâ€¦ https://t.co/kZJGV5AKrj",""" di sana needs kepada jadi berterusan latihan untuk teachers kepada membantu them berurusan w issues seperti mental kesihatan , koperal punishm â€¦ <url>", there needs to be continuous training for teachers to help them deal w issues like mental health corporal punishm 
"hi guys, it would mean a lot if u could sign and spread this petition to #MakeSchoolASaferPlace for students in myâ€¦ https://t.co/LYnHor14uT","hi guys , ia akan mean a banyak jika u boleh tanda dan tersebar this petisyen kepada <hashtag> makeschoolasaferplace </hashtag> untuk students masuk saya â€¦ <url>",hi guys it would mean a lot if u could sign and spread this petition to for students in my 
pls understand that this movement is not solely for women but also for boys out there. #MakeSchoolASaferPlace doesnâ€¦ https://t.co/FPRCXKhaFc,tolong faham itu this pergerakan adalah tidak semata-mata untuk women tetapi juga untuk boys keluar di sana . <hashtag> makeschoolasaferplace </hashtag> doesn â€¦ <url>,pls understand that this movement is not solely for women but also for boys out there doesn 
"Pdrm ni buat nyawa orang + sexual harassment ni benda main main je ke?????

Yang kira selipar tu lagi penting??? Giâ€¦ https://t.co/876OqR4r66",pdrm ini buat nyawa orang + seksual gangguan ini benda utama utama sahaja ke ? <repeated> yang kira selipar itu lagi penting ? <repeated> gi â€¦ <url>,pdrm ni buat nyawa orang sexual harassment ni benda main main je ke yang kira selipar tu lagi penting gi 
You've done well and great girl! Thank you for speak up and I hope justice is with you. Stay strong!â€¦ https://t.co/GAaXqGcCHH,awak ada siap maklumlah dan hebat gadis ! terima kasih awak untuk bercakap naik dan saya harapan justice adalah dengan awak . tinggal kuat ! â€¦ <url>,you ve done well and great girl thank you for speak up and i hope justice is with you stay strong 
#Muslims #educateyourself #MakeSchoolASaferPlace https://t.co/pxNmhtVpCN,<hashtag> muslims </hashtag> <hashtag> educateyourself </hashtag> <hashtag> makeschoolasaferplace </hashtag> <url>, 
"â€œThis is 2021. People can change &amp; learn, even if you're an adultâ€ @melisa_idris &amp; @sharaadkuttan ask student whistâ€¦ https://t.co/8u8PC9ix83",""" this adalah <number> . orang boleh ubah dan belajar , walaupun jika awak adalah an dewasa "" <user> dan <user> tanya pelajar whist â€¦ <url>", this is people can change amp learn even if you re an adult amp ask student whist 
"@WahiWuutt @ant33ater Ye.. Pressure dri org luar yg main hentam je.. Niat utk nk #MakeSchoolASaferPlace  bgus, tpiâ€¦ https://t.co/qb24ENAWbA","<user> <user> ya . <repeated> tekanan dari orang luar yang utama hentam sahaja . <repeated> niat untuk nak <hashtag> makeschoolasaferplace </hashtag> bagus , tapi â€¦ <url>", ye pressure dri org luar yg main hentam je niat utk nk bgus tpi 
Stop laa salahkan perempuan! Geram betul laa baca komen dekat fb Ain tuu haihhh ğŸ˜¡ #MakeSchoolASaferPlace,berhenti lah salahkan perempuan ! geram betul lah baca komen dekat facebook ain itu haihh <elongated> ğŸ˜¡ <hashtag> makeschoolasaferplace </hashtag>,stop laa salahkan perempuan geram betul laa baca komen dekat fb ain tuu haihhh 
"Five new stories are up and running on https://t.co/FI5HPNbH4t 

If #MakeSchoolASaferPlace is a part of your advocaâ€¦ https://t.co/uk0tBvgAiB",lima baru stories adalah naik dan berjalan pada <url> jika <hashtag> makeschoolasaferplace </hashtag> adalah a bahagian daripada awak advoca â€¦ <url>,five new stories are up and running on if is a part of your advoca 
"if you choose silence, means that youâ€™re supporting sexual assault. please sign the petition.â€¦ https://t.co/a698ZAB38r","jika awak choose diam , means itu awak adalah menyokong seksual serangan . tolong tanda yang petisyen . â€¦ <url>",if you choose silence means that you re supporting sexual assault please sign the petition 
"Kita bersolidariti dengan @ant33ater dan sangat mendokong mesej yang beliau bawakan.

Rogol bukan bahan jenaka, jauâ€¦ https://t.co/taMw8EnYoT","kita bersolidariti dengan <user> dan sangat mendokong mesej yang beliau bawakan . rogol bukan bahan jenaka , jau â€¦ <url>",kita bersolidariti dengan dan sangat mendokong mesej yang beliau bawakan rogol bukan bahan jenaka jau 
I truly hope that this will not make people generalize counsellors in the bad perspective. I am a counsellor myselfâ€¦ https://t.co/SoVeSQq6JL,saya benar harapan itu this akan tidak memakai orang umumkan counsellors masuk yang bad perspektif . saya am a counsellor saya sendiri â€¦ <url>,i truly hope that this will not make people generalize counsellors in the bad perspective i am a counsellor myself 
